0318_2018_169,14:46,71,0,food,Capital Seafood,eating
0318_2018_169,14:47,60,0,food,Capital Seafood,eating
0318_2018_169,14:48,58,0,food,Capital Seafood,eating
0318_2018_169,14:49,61,0,food,Capital Seafood,eating
0318_2018_169,14:50,58,0,food,Capital Seafood,eating
0318_2018_169,14:51,55,0,food,Capital Seafood,eating
0318_2018_169,14:52,55,0,food,Capital Seafood,eating
0318_2018_169,14:53,59,0,food,Capital Seafood,eating
0318_2018_169,14:54,56,0,food,Capital Seafood,eating
0318_2018_169,14:55,57,0,food,Capital Seafood,eating
0318_2018_169,14:56,59,0,food,Capital Seafood,eating
0318_2018_169,14:57,56,0,food,Capital Seafood,eating
0318_2018_169,14:58,56,0,food,Capital Seafood,eating
0318_2018_169,14:59,60,0,food,Capital Seafood,eating
0318_2018_169,15:00,62,0,food,Capital Seafood,eating
0318_2018_169,15:01,63,0,food,Capital Seafood,eating
0318_2018_169,15:02,61,0,food,Capital Seafood,eating
0318_2018_169,15:03,64,60,food,Capital Seafood,eating
0318_2018_169,15:04,67,60,food,Capital Seafood,eating
0318_2018_169,15:05,66,0,food,Capital Seafood,eating
0318_2018_169,15:06,67,0,food,Capital Seafood,eating
0318_2018_169,15:07,65,0,food,Capital Seafood,eating
0318_2018_169,15:08,65,0,food,Capital Seafood,eating
0318_2018_169,15:09,69,0,food,Capital Seafood,eating
0318_2018_169,15:10,70,0,food,Capital Seafood,eating
0318_2018_169,15:11,72,0,food,Capital Seafood,eating
0318_2018_169,15:12,71,0,food,Capital Seafood,eating
0318_2018_169,15:13,68,0,food,Capital Seafood,eating
0318_2018_169,15:14,65,0,food,Capital Seafood,eating
0318_2018_169,15:15,64,0,food,Capital Seafood,eating
0318_2018_169,15:16,65,0,food,Capital Seafood,eating
0318_2018_169,15:17,66,0,food,Capital Seafood,eating
0318_2018_169,15:18,66,0,food,Capital Seafood,eating
0318_2018_169,15:19,69,0,food,Capital Seafood,eating
0318_2018_169,15:20,69,0,food,Capital Seafood,eating
0318_2018_169,15:21,67,0,food,Capital Seafood,eating
0318_2018_169,15:22,66,0,food,Capital Seafood,eating
0318_2018_169,15:23,64,0,food,Capital Seafood,eating
0318_2018_169,15:24,65,0,food,Capital Seafood,eating
0318_2018_169,15:25,66,9,food,Capital Seafood,eating
0318_2018_169,15:26,70,0,food,Capital Seafood,eating
0318_2018_169,15:27,68,0,food,Capital Seafood,eating
0318_2018_169,15:28,69,0,food,Capital Seafood,eating
0318_2018_169,15:29,66,0,food,Capital Seafood,eating
0318_2018_169,15:30,66,0,food,Capital Seafood,eating
0318_2018_169,15:31,67,0,food,Capital Seafood,eating
0318_2018_169,15:32,70,8,food,Capital Seafood,eating
0318_2018_169,15:33,78,63,food,Capital Seafood,eating
0318_2018_169,15:34,91,16,food,Capital Seafood,eating
0318_2018_169,15:35,89,19,food,Capital Seafood,eating
0319_2018_155,13:21,60,0,store,Diho Siam,eating
0319_2018_155,13:22,57,0,store,Diho Siam,eating
0319_2018_155,13:23,60,0,store,Diho Siam,eating
0319_2018_155,13:24,61,0,store,Diho Siam,eating
0319_2018_155,13:25,64,0,store,Diho Siam,eating
0319_2018_155,13:26,67,0,store,Diho Siam,eating
0319_2018_155,13:27,69,0,store,Diho Siam,eating
0319_2018_155,13:28,66,0,store,Diho Siam,eating
0319_2018_155,13:29,70,11,store,Diho Siam,eating
0319_2018_155,13:30,70,0,store,Diho Siam,eating
0319_2018_155,13:31,70,0,store,Diho Siam,eating
0319_2018_155,13:32,69,0,store,Diho Siam,eating
0319_2018_155,13:33,68,0,store,Diho Siam,eating
0319_2018_155,13:34,69,0,store,Diho Siam,eating
0319_2018_155,13:35,68,0,store,Diho Siam,eating
0319_2018_155,13:36,68,0,store,Diho Siam,eating
0319_2018_155,13:37,68,0,store,Diho Siam,eating
0319_2018_155,13:38,68,0,store,Diho Siam,eating
0319_2018_155,13:39,70,0,store,Diho Siam,eating
0319_2018_155,13:40,70,0,store,Diho Siam,eating
0319_2018_155,13:41,71,0,store,Diho Siam,eating
0319_2018_155,13:42,71,0,store,Diho Siam,eating
0319_2018_155,13:43,72,0,store,Diho Siam,eating
0319_2018_155,13:44,72,0,store,Diho Siam,eating
0319_2018_155,13:45,72,0,store,Diho Siam,eating
0319_2018_155,13:46,70,0,store,Diho Siam,eating
0319_2018_155,13:47,67,0,store,Diho Siam,eating
0319_2018_155,13:48,67,0,store,Diho Siam,eating
0319_2018_155,13:49,70,0,store,Diho Siam,eating
0319_2018_155,13:50,72,0,store,Diho Siam,eating
0319_2018_155,13:51,71,0,store,Diho Siam,eating
0319_2018_155,13:52,74,0,store,Diho Siam,eating
0319_2018_155,13:53,78,0,store,Diho Siam,eating
0319_2018_155,13:54,74,12,store,Diho Siam,eating
0319_2018_155,13:55,85,76,store,Diho Siam,eating
0324_2018_143,12:18,64,0,bakery,Zinc,eating
0324_2018_143,12:19,63,0,bakery,Zinc,eating
0324_2018_143,12:20,66,0,bakery,Zinc,eating
0324_2018_143,12:21,67,8,bakery,Zinc,eating
0324_2018_143,12:22,68,0,bakery,Zinc,eating
0324_2018_143,12:23,70,0,bakery,Zinc,eating
0324_2018_143,12:24,69,0,bakery,Zinc,eating
0324_2018_143,12:25,68,0,bakery,Zinc,eating
0324_2018_143,12:26,67,0,bakery,Zinc,eating
0324_2018_143,12:27,66,58,bakery,Zinc,eating
0324_2018_143,12:28,67,58,bakery,Zinc,eating
0324_2018_143,12:29,70,0,bakery,Zinc,eating
0324_2018_143,12:30,68,0,bakery,Zinc,eating
0324_2018_143,12:31,74,0,bakery,Zinc,eating
0324_2018_143,12:32,71,0,bakery,Zinc,eating
0324_2018_143,12:33,75,0,bakery,Zinc,eating
0324_2018_143,12:34,72,0,bakery,Zinc,eating
0324_2018_143,12:35,73,0,bakery,Zinc,eating
0324_2018_143,12:36,74,0,bakery,Zinc,eating
0324_2018_143,12:37,69,0,bakery,Zinc,eating
0324_2018_143,12:38,71,0,bakery,Zinc,eating
0324_2018_143,12:39,76,0,bakery,Zinc,eating
0324_2018_143,12:40,73,0,bakery,Zinc,eating
0324_2018_143,12:41,72,0,bakery,Zinc,eating
0324_2018_143,12:42,74,0,bakery,Zinc,eating
0324_2018_143,12:43,76,0,bakery,Zinc,eating
0324_2018_143,12:44,70,0,bakery,Zinc,eating
0324_2018_143,12:45,73,0,bakery,Zinc,eating
0324_2018_143,12:46,73,6,bakery,Zinc,eating
0324_2018_143,12:47,78,17,bakery,Zinc,eating
0324_2018_207,18:23,70,0,movie_theater,Gangnam House,eating
0324_2018_207,18:24,69,0,movie_theater,Gangnam House,eating
0324_2018_207,18:25,68,0,movie_theater,Gangnam House,eating
0324_2018_207,18:26,68,0,movie_theater,Gangnam House,eating
0324_2018_207,18:27,68,0,movie_theater,Gangnam House,eating
0324_2018_207,18:28,67,0,movie_theater,Gangnam House,eating
0324_2018_207,18:29,67,0,movie_theater,Gangnam House,eating
0324_2018_207,18:30,66,0,movie_theater,Gangnam House,eating
0324_2018_207,18:31,68,0,movie_theater,Gangnam House,eating
0324_2018_207,18:32,69,0,movie_theater,Gangnam House,eating
0324_2018_207,18:33,68,0,movie_theater,Gangnam House,eating
0324_2018_207,18:34,68,7,movie_theater,Gangnam House,eating
0324_2018_207,18:35,69,0,movie_theater,Gangnam House,eating
0324_2018_207,18:36,67,6,movie_theater,Gangnam House,eating
0324_2018_207,18:37,68,40,movie_theater,Gangnam House,eating
0324_2018_207,18:38,74,0,movie_theater,Gangnam House,eating
0324_2018_207,18:39,73,0,movie_theater,Gangnam House,eating
0324_2018_207,18:40,76,0,movie_theater,Gangnam House,eating
0324_2018_207,18:41,77,0,movie_theater,Gangnam House,eating
0324_2018_207,18:42,81,0,movie_theater,Gangnam House,eating
0324_2018_207,18:43,78,0,movie_theater,Gangnam House,eating
0324_2018_207,18:44,67,0,movie_theater,Gangnam House,eating
0324_2018_207,18:45,65,0,movie_theater,Gangnam House,eating
0324_2018_207,18:46,67,0,movie_theater,Gangnam House,eating
0324_2018_207,18:47,68,0,movie_theater,Gangnam House,eating
0324_2018_207,18:48,68,0,movie_theater,Gangnam House,eating
0324_2018_207,18:49,69,0,movie_theater,Gangnam House,eating
0324_2018_207,18:50,73,0,movie_theater,Gangnam House,eating
0324_2018_207,18:51,77,0,movie_theater,Gangnam House,eating
0324_2018_207,18:52,81,0,movie_theater,Gangnam House,eating
0324_2018_207,18:53,82,0,movie_theater,Gangnam House,eating
0324_2018_207,18:54,82,0,movie_theater,Gangnam House,eating
0324_2018_207,18:55,82,0,movie_theater,Gangnam House,eating
0324_2018_207,18:56,81,0,movie_theater,Gangnam House,eating
0324_2018_207,18:57,82,0,movie_theater,Gangnam House,eating
0324_2018_207,18:58,80,0,movie_theater,Gangnam House,eating
0324_2018_207,18:59,79,0,movie_theater,Gangnam House,eating
0324_2018_207,19:00,75,0,movie_theater,Gangnam House,eating
0324_2018_207,19:01,72,0,movie_theater,Gangnam House,eating
0324_2018_207,19:02,69,0,movie_theater,Gangnam House,eating
0324_2018_207,19:03,67,0,movie_theater,Gangnam House,eating
0324_2018_207,19:04,67,0,movie_theater,Gangnam House,eating
0324_2018_207,19:05,70,0,movie_theater,Gangnam House,eating
0324_2018_207,19:06,70,0,movie_theater,Gangnam House,eating
0324_2018_207,19:07,71,0,movie_theater,Gangnam House,eating
0324_2018_207,19:08,72,0,movie_theater,Gangnam House,eating
0324_2018_207,19:09,74,0,movie_theater,Gangnam House,eating
0324_2018_207,19:10,75,0,movie_theater,Gangnam House,eating
0324_2018_207,19:11,74,0,movie_theater,Gangnam House,eating
0324_2018_207,19:12,74,0,movie_theater,Gangnam House,eating
0324_2018_207,19:13,75,0,movie_theater,Gangnam House,eating
0324_2018_207,19:14,72,0,movie_theater,Gangnam House,eating
0324_2018_207,19:15,71,0,movie_theater,Gangnam House,eating
0324_2018_207,19:16,73,4,movie_theater,Gangnam House,eating
0324_2018_207,19:17,72,0,movie_theater,Gangnam House,eating
0324_2018_207,19:18,74,0,movie_theater,Gangnam House,eating
0324_2018_207,19:19,73,0,movie_theater,Gangnam House,eating
0324_2018_207,19:20,73,0,movie_theater,Gangnam House,eating
0324_2018_207,19:21,74,0,movie_theater,Gangnam House,eating
0324_2018_207,19:22,72,0,movie_theater,Gangnam House,eating
0324_2018_207,19:23,73,0,movie_theater,Gangnam House,eating
0324_2018_207,19:24,73,0,movie_theater,Gangnam House,eating
0324_2018_207,19:25,72,0,movie_theater,Gangnam House,eating
0324_2018_207,19:26,71,0,movie_theater,Gangnam House,eating
0324_2018_207,19:27,70,0,movie_theater,Gangnam House,eating
0324_2018_207,19:28,70,0,movie_theater,Gangnam House,eating
0324_2018_207,19:29,68,0,movie_theater,Gangnam House,eating
0324_2018_207,19:30,68,0,movie_theater,Gangnam House,eating
0324_2018_207,19:31,68,0,movie_theater,Gangnam House,eating
0324_2018_207,19:32,65,0,movie_theater,Gangnam House,eating
0324_2018_207,19:33,67,0,movie_theater,Gangnam House,eating
0324_2018_207,19:34,68,0,movie_theater,Gangnam House,eating
0324_2018_207,19:35,69,0,movie_theater,Gangnam House,eating
0324_2018_207,19:36,72,0,movie_theater,Gangnam House,eating
0324_2018_207,19:37,76,0,movie_theater,Gangnam House,eating
0401_2018_139,12:55,57,0,food,Thai Cafe,eating
0401_2018_139,12:56,55,0,food,Thai Cafe,eating
0401_2018_139,12:57,56,0,food,Thai Cafe,eating
0401_2018_139,12:58,58,0,food,Thai Cafe,eating
0401_2018_139,12:59,59,0,food,Thai Cafe,eating
0401_2018_139,13:00,58,0,food,Thai Cafe,eating
0401_2018_139,13:01,56,0,food,Thai Cafe,eating
0401_2018_139,13:02,55,0,food,Thai Cafe,eating
0401_2018_139,13:03,54,0,food,Thai Cafe,eating
0401_2018_139,13:04,56,0,food,Thai Cafe,eating
0401_2018_139,13:05,58,0,food,Thai Cafe,eating
0401_2018_139,13:06,59,0,food,Thai Cafe,eating
0401_2018_139,13:07,55,0,food,Thai Cafe,eating
0401_2018_139,13:08,56,0,food,Thai Cafe,eating
0401_2018_139,13:09,56,0,food,Thai Cafe,eating
0401_2018_139,13:10,62,0,food,Thai Cafe,eating
0401_2018_139,13:11,65,0,food,Thai Cafe,eating
0401_2018_139,13:12,61,0,food,Thai Cafe,eating
0401_2018_139,13:13,58,0,food,Thai Cafe,eating
0401_2018_139,13:14,56,5,food,Thai Cafe,eating
0401_2018_139,13:15,60,0,food,Thai Cafe,eating
0401_2018_139,13:16,57,0,food,Thai Cafe,eating
0401_2018_139,13:17,55,0,food,Thai Cafe,eating
0401_2018_139,13:18,57,0,food,Thai Cafe,eating
0401_2018_139,13:19,60,0,food,Thai Cafe,eating
0401_2018_139,13:20,65,0,food,Thai Cafe,eating
0401_2018_139,13:21,65,0,food,Thai Cafe,eating
0401_2018_139,13:22,64,0,food,Thai Cafe,eating
0401_2018_139,13:23,64,0,food,Thai Cafe,eating
0401_2018_139,13:24,68,0,food,Thai Cafe,eating
0401_2018_139,13:25,64,0,food,Thai Cafe,eating
0401_2018_139,13:26,63,0,food,Thai Cafe,eating
0401_2018_139,13:27,61,0,food,Thai Cafe,eating
0401_2018_139,13:28,65,0,food,Thai Cafe,eating
0401_2018_139,13:29,69,0,food,Thai Cafe,eating
0401_2018_139,13:30,69,0,food,Thai Cafe,eating
0401_2018_139,13:31,68,0,food,Thai Cafe,eating
0401_2018_139,13:32,72,0,food,Thai Cafe,eating
0401_2018_139,13:33,75,0,food,Thai Cafe,eating
0401_2018_139,13:34,73,0,food,Thai Cafe,eating
0401_2018_139,13:35,70,0,food,Thai Cafe,eating
0401_2018_139,13:36,73,0,food,Thai Cafe,eating
0401_2018_139,13:37,74,0,food,Thai Cafe,eating
0401_2018_139,13:38,72,0,food,Thai Cafe,eating
0401_2018_139,13:39,73,0,food,Thai Cafe,eating
0401_2018_139,13:40,75,0,food,Thai Cafe,eating
0401_2018_139,13:41,72,0,food,Thai Cafe,eating
0401_2018_139,13:42,70,0,food,Thai Cafe,eating
0401_2018_139,13:43,70,0,food,Thai Cafe,eating
0401_2018_139,13:44,71,0,food,Thai Cafe,eating
0401_2018_139,13:45,70,0,food,Thai Cafe,eating
0401_2018_139,13:46,70,0,food,Thai Cafe,eating
0401_2018_139,13:47,74,0,food,Thai Cafe,eating
0401_2018_139,13:48,74,12,food,Thai Cafe,eating
0401_2018_139,13:49,75,4,food,Thai Cafe,eating
0401_2018_139,13:50,76,0,food,Thai Cafe,eating
0401_2018_139,13:51,76,0,food,Thai Cafe,eating
0401_2018_139,13:52,77,0,food,Thai Cafe,eating
0401_2018_139,13:53,74,0,food,Thai Cafe,eating
0401_2018_139,13:54,70,0,food,Thai Cafe,eating
0401_2018_139,13:55,70,0,food,Thai Cafe,eating
0401_2018_139,13:56,71,0,food,Thai Cafe,eating
0401_2018_139,13:57,72,0,food,Thai Cafe,eating
0401_2018_139,13:58,73,0,food,Thai Cafe,eating
0401_2018_139,13:59,71,0,food,Thai Cafe,eating
0401_2018_139,14:00,70,0,food,Thai Cafe,eating
0401_2018_139,14:01,73,0,food,Thai Cafe,eating
0401_2018_139,14:02,69,0,food,Thai Cafe,eating
0401_2018_139,14:03,66,0,food,Thai Cafe,eating
0401_2018_139,14:04,66,0,food,Thai Cafe,eating
0401_2018_139,14:05,68,0,food,Thai Cafe,eating
0401_2018_139,14:06,70,0,food,Thai Cafe,eating
0401_2018_139,14:07,75,0,food,Thai Cafe,eating
0401_2018_139,14:08,74,0,food,Thai Cafe,eating
0401_2018_139,14:09,72,0,food,Thai Cafe,eating
0401_2018_139,14:10,71,0,food,Thai Cafe,eating
0401_2018_139,14:11,66,0,food,Thai Cafe,eating
0401_2018_139,14:12,67,0,food,Thai Cafe,eating
0401_2018_139,14:13,68,0,food,Thai Cafe,eating
0401_2018_139,14:14,68,24,food,Thai Cafe,eating
0401_2018_139,14:15,88,17,food,Thai Cafe,eating
0401_2018_139,14:16,82,31,food,Thai Cafe,eating
0401_2018_139,14:17,76,0,food,Thai Cafe,eating
0401_2018_139,14:18,69,8,food,Thai Cafe,eating
0401_2018_139,14:19,69,0,food,Thai Cafe,eating
0401_2018_139,14:20,72,0,food,Thai Cafe,eating
0401_2018_139,14:21,76,46,food,Thai Cafe,eating
0401_2018_139,14:22,79,0,food,Thai Cafe,eating
0401_2018_139,14:23,74,0,food,Thai Cafe,eating
0401_2018_139,14:24,70,0,food,Thai Cafe,eating
0407_2018_196,17:15,70,0,cafe,yupdduk,eating
0407_2018_196,17:16,71,0,cafe,yupdduk,eating
0407_2018_196,17:17,68,0,cafe,yupdduk,eating
0407_2018_196,17:18,68,0,cafe,yupdduk,eating
0407_2018_196,17:19,69,0,cafe,yupdduk,eating
0407_2018_196,17:20,70,0,cafe,yupdduk,eating
0407_2018_196,17:21,69,0,cafe,yupdduk,eating
0407_2018_196,17:22,71,0,cafe,yupdduk,eating
0407_2018_196,17:23,71,0,cafe,yupdduk,eating
0407_2018_196,17:24,65,0,cafe,yupdduk,eating
0407_2018_196,17:25,68,0,cafe,yupdduk,eating
0407_2018_196,17:26,65,0,cafe,yupdduk,eating
0407_2018_196,17:27,67,0,cafe,yupdduk,eating
0407_2018_196,17:28,68,0,cafe,yupdduk,eating
0407_2018_196,17:29,65,0,cafe,yupdduk,eating
0407_2018_196,17:30,69,0,cafe,yupdduk,eating
0407_2018_196,17:31,65,0,cafe,yupdduk,eating
0407_2018_196,17:32,71,0,cafe,yupdduk,eating
0407_2018_196,17:33,70,0,cafe,yupdduk,eating
0407_2018_196,17:34,66,0,cafe,yupdduk,eating
0407_2018_196,17:35,66,0,cafe,yupdduk,eating
0407_2018_196,17:36,68,0,cafe,yupdduk,eating
0407_2018_196,17:37,70,17,cafe,yupdduk,eating
0407_2018_196,17:38,74,7,cafe,yupdduk,eating
0407_2018_196,17:39,72,0,cafe,yupdduk,eating
0407_2018_196,17:40,69,0,cafe,yupdduk,eating
0407_2018_196,17:41,69,11,cafe,yupdduk,eating
0407_2018_196,17:42,72,0,cafe,yupdduk,eating
0407_2018_196,17:43,75,0,cafe,yupdduk,eating
0407_2018_196,17:44,76,0,cafe,yupdduk,eating
0407_2018_196,17:45,78,0,cafe,yupdduk,eating
0407_2018_196,17:46,74,0,cafe,yupdduk,eating
0407_2018_196,17:47,70,4,cafe,yupdduk,eating
0407_2018_196,17:48,75,8,cafe,yupdduk,eating
0407_2018_196,17:49,73,0,cafe,yupdduk,eating
0407_2018_196,17:50,66,0,cafe,yupdduk,eating
0407_2018_196,17:51,66,0,cafe,yupdduk,eating
0407_2018_196,17:52,70,0,cafe,yupdduk,eating
0407_2018_196,17:53,71,0,cafe,yupdduk,eating
0407_2018_196,17:54,70,0,cafe,yupdduk,eating
0407_2018_196,17:55,77,0,cafe,yupdduk,eating
0407_2018_196,17:56,72,0,cafe,yupdduk,eating
0407_2018_196,17:57,67,0,cafe,yupdduk,eating
0407_2018_196,17:58,68,0,cafe,yupdduk,eating
0407_2018_196,17:59,71,0,cafe,yupdduk,eating
0407_2018_196,18:00,71,0,cafe,yupdduk,eating
0407_2018_196,18:01,70,0,cafe,yupdduk,eating
0407_2018_196,18:02,69,0,cafe,yupdduk,eating
0407_2018_196,18:03,78,0,cafe,yupdduk,eating
0407_2018_196,18:04,74,0,cafe,yupdduk,eating
0407_2018_196,18:05,69,0,cafe,yupdduk,eating
0407_2018_196,18:06,67,0,cafe,yupdduk,eating
0407_2018_196,18:07,71,0,cafe,yupdduk,eating
0407_2018_196,18:08,72,0,cafe,yupdduk,eating
0407_2018_196,18:09,73,0,cafe,yupdduk,eating
0407_2018_196,18:10,74,0,cafe,yupdduk,eating
0407_2018_196,18:11,79,6,cafe,yupdduk,eating
0407_2018_196,18:12,84,8,cafe,yupdduk,eating
0407_2018_196,18:13,89,23,cafe,yupdduk,eating
0407_2018_196,18:14,83,3,cafe,yupdduk,eating
0407_2018_196,18:15,79,0,cafe,yupdduk,eating
0407_2018_196,18:16,74,0,cafe,yupdduk,eating
0407_2018_196,18:17,76,45,cafe,yupdduk,eating
0407_2018_196,18:18,81,0,cafe,yupdduk,eating
0407_2018_196,18:19,79,0,cafe,yupdduk,eating
0417_2018_229,19:43,68,0,grocery_or_supermarket,Wow K pop,eating
0417_2018_229,19:44,60,0,grocery_or_supermarket,Wow K pop,eating
0417_2018_229,19:45,60,0,grocery_or_supermarket,Wow K pop,eating
0417_2018_229,19:46,58,0,grocery_or_supermarket,Wow K pop,eating
0417_2018_229,19:47,57,0,grocery_or_supermarket,Wow K pop,eating
0417_2018_229,19:48,56,0,grocery_or_supermarket,Wow K pop,eating
0417_2018_229,19:49,58,0,grocery_or_supermarket,Wow K pop,eating
0417_2018_229,19:50,58,0,grocery_or_supermarket,Wow K pop,eating
0417_2018_229,19:51,60,0,grocery_or_supermarket,Wow K pop,eating
0417_2018_229,19:52,55,0,grocery_or_supermarket,Wow K pop,eating
0417_2018_229,19:53,57,0,grocery_or_supermarket,Wow K pop,eating
0417_2018_229,19:54,56,0,grocery_or_supermarket,Wow K pop,eating
0417_2018_229,19:55,55,0,grocery_or_supermarket,Wow K pop,eating
0417_2018_229,19:56,57,0,grocery_or_supermarket,Wow K pop,eating
0417_2018_229,19:57,58,16,grocery_or_supermarket,Wow K pop,eating
0417_2018_229,19:58,64,12,grocery_or_supermarket,Wow K pop,eating
0417_2018_229,19:59,61,0,grocery_or_supermarket,Wow K pop,eating
0417_2018_229,20:00,59,0,grocery_or_supermarket,Wow K pop,eating
0417_2018_229,20:01,61,0,grocery_or_supermarket,Wow K pop,eating
0417_2018_229,20:02,63,4,grocery_or_supermarket,Wow K pop,eating
0417_2018_229,20:03,64,0,grocery_or_supermarket,Wow K pop,eating
0417_2018_229,20:04,65,0,grocery_or_supermarket,Wow K pop,eating
0417_2018_229,20:05,65,0,grocery_or_supermarket,Wow K pop,eating
0417_2018_229,20:06,67,8,grocery_or_supermarket,Wow K pop,eating
0417_2018_229,20:07,69,0,grocery_or_supermarket,Wow K pop,eating
0417_2018_229,20:08,66,0,grocery_or_supermarket,Wow K pop,eating
0417_2018_229,20:09,66,0,grocery_or_supermarket,Wow K pop,eating
0417_2018_229,20:10,65,0,grocery_or_supermarket,Wow K pop,eating
0417_2018_229,20:11,67,0,grocery_or_supermarket,Wow K pop,eating
0417_2018_229,20:12,71,0,grocery_or_supermarket,Wow K pop,eating
0417_2018_229,20:13,72,0,grocery_or_supermarket,Wow K pop,eating
0417_2018_229,20:14,72,0,grocery_or_supermarket,Wow K pop,eating
0417_2018_229,20:15,71,0,grocery_or_supermarket,Wow K pop,eating
0417_2018_229,20:16,69,0,grocery_or_supermarket,Wow K pop,eating
0417_2018_229,20:17,76,0,grocery_or_supermarket,Wow K pop,eating
0417_2018_229,20:18,74,0,grocery_or_supermarket,Wow K pop,eating
0417_2018_229,20:19,73,0,grocery_or_supermarket,Wow K pop,eating
0417_2018_229,20:20,70,0,grocery_or_supermarket,Wow K pop,eating
0417_2018_229,20:21,69,0,grocery_or_supermarket,Wow K pop,eating
0417_2018_229,20:22,72,0,grocery_or_supermarket,Wow K pop,eating
0417_2018_229,20:23,72,0,grocery_or_supermarket,Wow K pop,eating
0417_2018_229,20:24,67,0,grocery_or_supermarket,Wow K pop,eating
0417_2018_229,20:25,65,0,grocery_or_supermarket,Wow K pop,eating
0417_2018_229,20:26,68,0,grocery_or_supermarket,Wow K pop,eating
0417_2018_229,20:27,69,32,grocery_or_supermarket,Wow K pop,eating
0418_2018_151,12:58,73,20,food,Eureka!,eating
0418_2018_151,12:59,75,7,food,Eureka!,eating
0418_2018_151,13:00,71,0,food,Eureka!,eating
0418_2018_151,13:01,66,0,food,Eureka!,eating
0418_2018_151,13:02,67,0,food,Eureka!,eating
0418_2018_151,13:03,68,9,food,Eureka!,eating
0418_2018_151,13:04,70,0,food,Eureka!,eating
0418_2018_151,13:05,74,18,food,Eureka!,eating
0418_2018_151,13:06,81,43,food,Eureka!,eating
0418_2018_151,13:07,69,0,food,Eureka!,eating
0418_2018_151,13:08,70,0,food,Eureka!,eating
0418_2018_151,13:09,74,5,food,Eureka!,eating
0418_2018_151,13:10,72,0,food,Eureka!,eating
0418_2018_151,13:11,69,0,food,Eureka!,eating
0418_2018_151,13:12,69,0,food,Eureka!,eating
0418_2018_151,13:13,69,0,food,Eureka!,eating
0418_2018_151,13:14,73,0,food,Eureka!,eating
0418_2018_151,13:15,72,6,food,Eureka!,eating
0418_2018_151,13:16,70,0,food,Eureka!,eating
0418_2018_151,13:17,65,13,food,Eureka!,eating
0418_2018_151,13:18,73,0,food,Eureka!,eating
0418_2018_151,13:19,75,0,food,Eureka!,eating
0418_2018_151,13:20,78,0,food,Eureka!,eating
0418_2018_151,13:21,76,0,food,Eureka!,eating
0418_2018_151,13:22,78,0,food,Eureka!,eating
0418_2018_151,13:23,76,0,food,Eureka!,eating
0418_2018_151,13:24,79,0,food,Eureka!,eating
0418_2018_151,13:25,80,0,food,Eureka!,eating
0418_2018_151,13:26,77,0,food,Eureka!,eating
0418_2018_151,13:27,76,0,food,Eureka!,eating
0427_2018_239,20:55,112,0,airport,Sushi Imari,eating
0427_2018_239,20:56,111,0,airport,Sushi Imari,eating
0427_2018_239,20:57,109,0,airport,Sushi Imari,eating
0427_2018_239,20:58,120,0,airport,Sushi Imari,eating
0427_2018_239,20:59,130,0,airport,Sushi Imari,eating
0427_2018_239,21:00,133,11,airport,Sushi Imari,eating
0427_2018_239,21:01,132,8,airport,Sushi Imari,eating
0427_2018_239,21:02,122,1,airport,Sushi Imari,eating
0427_2018_239,21:03,117,0,airport,Sushi Imari,eating
0427_2018_239,21:04,112,0,airport,Sushi Imari,eating
0427_2018_239,21:05,109,0,airport,Sushi Imari,eating
0427_2018_239,21:06,97,0,airport,Sushi Imari,eating
0427_2018_239,21:07,94,0,airport,Sushi Imari,eating
0427_2018_239,21:08,81,0,airport,Sushi Imari,eating
0427_2018_239,21:09,73,0,airport,Sushi Imari,eating
0427_2018_239,21:10,74,0,airport,Sushi Imari,eating
0427_2018_239,21:11,70,0,airport,Sushi Imari,eating
0427_2018_239,21:12,70,0,airport,Sushi Imari,eating
0427_2018_239,21:13,66,0,airport,Sushi Imari,eating
0427_2018_239,21:14,60,0,airport,Sushi Imari,eating
0427_2018_239,21:15,61,0,airport,Sushi Imari,eating
0427_2018_239,21:16,59,0,airport,Sushi Imari,eating
0427_2018_239,21:17,65,0,airport,Sushi Imari,eating
0427_2018_239,21:18,69,0,airport,Sushi Imari,eating
0427_2018_239,21:19,70,0,airport,Sushi Imari,eating
0427_2018_239,21:20,71,0,airport,Sushi Imari,eating
0427_2018_239,21:21,72,0,airport,Sushi Imari,eating
0427_2018_239,21:22,71,0,airport,Sushi Imari,eating
0427_2018_239,21:23,70,0,airport,Sushi Imari,eating
0427_2018_239,21:24,70,8,airport,Sushi Imari,eating
0427_2018_239,21:25,77,0,airport,Sushi Imari,eating
0427_2018_239,21:26,79,0,airport,Sushi Imari,eating
0427_2018_239,21:27,81,0,airport,Sushi Imari,eating
0427_2018_239,21:28,79,0,airport,Sushi Imari,eating
0427_2018_239,21:29,79,0,airport,Sushi Imari,eating
0427_2018_239,21:30,75,0,airport,Sushi Imari,eating
0427_2018_239,21:31,76,0,airport,Sushi Imari,eating
0427_2018_239,21:32,75,0,airport,Sushi Imari,eating
0427_2018_239,21:33,74,0,airport,Sushi Imari,eating
0427_2018_239,21:34,82,0,airport,Sushi Imari,eating
0427_2018_239,21:35,77,0,airport,Sushi Imari,eating
0427_2018_239,21:36,76,5,airport,Sushi Imari,eating
0427_2018_239,21:37,76,0,airport,Sushi Imari,eating
0427_2018_239,21:38,83,0,airport,Sushi Imari,eating
0427_2018_239,21:39,81,0,airport,Sushi Imari,eating
0427_2018_239,21:40,75,0,airport,Sushi Imari,eating
0427_2018_239,21:41,66,0,airport,Sushi Imari,eating
0427_2018_239,21:42,70,0,airport,Sushi Imari,eating
0427_2018_239,21:43,74,0,airport,Sushi Imari,eating
0427_2018_239,21:44,71,0,airport,Sushi Imari,eating
0427_2018_239,21:45,68,0,airport,Sushi Imari,eating
0427_2018_239,21:46,69,0,airport,Sushi Imari,eating
0427_2018_239,21:47,68,0,airport,Sushi Imari,eating
0427_2018_239,21:48,68,0,airport,Sushi Imari,eating
0427_2018_239,21:49,69,0,airport,Sushi Imari,eating
0427_2018_239,21:50,69,0,airport,Sushi Imari,eating
0427_2018_239,21:51,67,0,airport,Sushi Imari,eating
0427_2018_239,21:52,64,0,airport,Sushi Imari,eating
0427_2018_239,21:53,71,8,airport,Sushi Imari,eating
0427_2018_239,21:54,76,0,airport,Sushi Imari,eating
0427_2018_239,21:55,83,0,airport,Sushi Imari,eating
0427_2018_239,21:56,84,0,airport,Sushi Imari,eating
0427_2018_239,21:57,84,0,airport,Sushi Imari,eating
0427_2018_239,21:58,78,10,airport,Sushi Imari,eating
0427_2018_239,21:59,86,32,airport,Sushi Imari,eating
0427_2018_239,22:00,89,4,airport,Sushi Imari,eating
0427_2018_239,22:01,81,9,airport,Sushi Imari,eating
0427_2018_239,22:02,85,19,airport,Sushi Imari,eating
0427_2018_239,22:03,89,0,airport,Sushi Imari,eating
0427_2018_239,22:04,90,4,airport,Sushi Imari,eating
0429_2018_166,14:35,71,0,UNKNOWN,Gen Korean BBQ,eating
0429_2018_166,14:36,71,43,UNKNOWN,Gen Korean BBQ,eating
0429_2018_166,14:37,71,56,UNKNOWN,Gen Korean BBQ,eating
0429_2018_166,14:38,71,47,UNKNOWN,Gen Korean BBQ,eating
0429_2018_166,14:39,70,34,UNKNOWN,Gen Korean BBQ,eating
0429_2018_166,14:40,72,30,UNKNOWN,Gen Korean BBQ,eating
0429_2018_166,14:41,79,36,UNKNOWN,Gen Korean BBQ,eating
0429_2018_166,14:42,75,27,UNKNOWN,Gen Korean BBQ,eating
0429_2018_166,14:43,76,0,UNKNOWN,Gen Korean BBQ,eating
0429_2018_166,14:44,76,0,UNKNOWN,Gen Korean BBQ,eating
0429_2018_166,14:45,75,0,UNKNOWN,Gen Korean BBQ,eating
0429_2018_166,14:46,77,0,UNKNOWN,Gen Korean BBQ,eating
0429_2018_166,14:47,75,0,UNKNOWN,Gen Korean BBQ,eating
0429_2018_166,14:48,78,0,UNKNOWN,Gen Korean BBQ,eating
0429_2018_166,14:49,79,0,UNKNOWN,Gen Korean BBQ,eating
0429_2018_166,14:50,75,0,UNKNOWN,Gen Korean BBQ,eating
0429_2018_166,14:51,74,0,UNKNOWN,Gen Korean BBQ,eating
0429_2018_166,14:52,77,0,UNKNOWN,Gen Korean BBQ,eating
0429_2018_166,14:53,78,33,UNKNOWN,Gen Korean BBQ,eating
0429_2018_166,14:54,80,21,UNKNOWN,Gen Korean BBQ,eating
0429_2018_166,14:55,82,20,UNKNOWN,Gen Korean BBQ,eating
0429_2018_166,14:56,84,48,UNKNOWN,Gen Korean BBQ,eating
0429_2018_166,14:57,76,16,UNKNOWN,Gen Korean BBQ,eating
0429_2018_166,14:58,79,25,UNKNOWN,Gen Korean BBQ,eating
0429_2018_166,14:59,83,0,UNKNOWN,Gen Korean BBQ,eating
0429_2018_166,15:00,79,0,UNKNOWN,Gen Korean BBQ,eating
0429_2018_166,15:01,77,0,UNKNOWN,Gen Korean BBQ,eating
0429_2018_166,15:02,81,0,UNKNOWN,Gen Korean BBQ,eating
0429_2018_166,15:03,80,9,UNKNOWN,Gen Korean BBQ,eating
0429_2018_166,15:04,78,0,UNKNOWN,Gen Korean BBQ,eating
0429_2018_166,15:05,77,18,UNKNOWN,Gen Korean BBQ,eating
0429_2018_166,15:06,76,0,UNKNOWN,Gen Korean BBQ,eating
0429_2018_166,15:07,77,0,UNKNOWN,Gen Korean BBQ,eating
0429_2018_166,15:08,79,0,UNKNOWN,Gen Korean BBQ,eating
0429_2018_166,15:09,76,7,UNKNOWN,Gen Korean BBQ,eating
0429_2018_166,15:10,76,19,UNKNOWN,Gen Korean BBQ,eating
0429_2018_166,15:11,80,47,UNKNOWN,Gen Korean BBQ,eating
0429_2018_166,15:12,80,25,UNKNOWN,Gen Korean BBQ,eating
0429_2018_166,15:13,78,32,UNKNOWN,Gen Korean BBQ,eating
0429_2018_166,15:14,89,0,UNKNOWN,Gen Korean BBQ,eating
0429_2018_166,15:15,94,38,UNKNOWN,Gen Korean BBQ,eating
0429_2018_166,15:16,93,7,UNKNOWN,Gen Korean BBQ,eating
0429_2018_166,15:17,82,0,UNKNOWN,Gen Korean BBQ,eating
0429_2018_166,15:18,81,7,UNKNOWN,Gen Korean BBQ,eating
0429_2018_166,15:19,80,0,UNKNOWN,Gen Korean BBQ,eating
0429_2018_166,15:20,79,0,UNKNOWN,Gen Korean BBQ,eating
0429_2018_166,15:21,81,0,UNKNOWN,Gen Korean BBQ,eating
0429_2018_166,15:22,86,0,UNKNOWN,Gen Korean BBQ,eating
0429_2018_166,15:23,86,0,UNKNOWN,Gen Korean BBQ,eating
0429_2018_166,15:24,86,0,UNKNOWN,Gen Korean BBQ,eating
0429_2018_166,15:25,85,0,UNKNOWN,Gen Korean BBQ,eating
0429_2018_166,15:26,84,0,UNKNOWN,Gen Korean BBQ,eating
0429_2018_166,15:27,83,0,UNKNOWN,Gen Korean BBQ,eating
0429_2018_166,15:28,85,0,UNKNOWN,Gen Korean BBQ,eating
0429_2018_166,15:29,86,0,UNKNOWN,Gen Korean BBQ,eating
0503_2018_248,21:25,72,13,food,Sushi Imari,eating
0503_2018_248,21:26,76,24,food,Sushi Imari,eating
0503_2018_248,21:27,84,2,food,Sushi Imari,eating
0503_2018_248,21:28,81,0,food,Sushi Imari,eating
0503_2018_248,21:29,78,0,food,Sushi Imari,eating
0503_2018_248,21:30,77,0,food,Sushi Imari,eating
0503_2018_248,21:31,75,0,food,Sushi Imari,eating
0503_2018_248,21:32,77,0,food,Sushi Imari,eating
0503_2018_248,21:33,76,0,food,Sushi Imari,eating
0503_2018_248,21:34,71,0,food,Sushi Imari,eating
0503_2018_248,21:35,70,0,food,Sushi Imari,eating
0503_2018_248,21:36,71,0,food,Sushi Imari,eating
0503_2018_248,21:37,72,0,food,Sushi Imari,eating
0503_2018_248,21:38,67,0,food,Sushi Imari,eating
0503_2018_248,21:39,69,0,food,Sushi Imari,eating
0503_2018_248,21:40,69,0,food,Sushi Imari,eating
0503_2018_248,21:41,67,0,food,Sushi Imari,eating
0503_2018_248,21:42,73,0,food,Sushi Imari,eating
0503_2018_248,21:43,73,0,food,Sushi Imari,eating
0503_2018_248,21:44,74,0,food,Sushi Imari,eating
0503_2018_248,21:45,70,0,food,Sushi Imari,eating
0503_2018_248,21:46,70,0,food,Sushi Imari,eating
0503_2018_248,21:47,74,0,food,Sushi Imari,eating
0503_2018_248,21:48,69,0,food,Sushi Imari,eating
0503_2018_248,21:49,68,0,food,Sushi Imari,eating
0503_2018_248,21:50,68,0,food,Sushi Imari,eating
0503_2018_248,21:51,67,0,food,Sushi Imari,eating
0503_2018_248,21:52,73,0,food,Sushi Imari,eating
0503_2018_248,21:53,69,0,food,Sushi Imari,eating
0503_2018_248,21:54,69,0,food,Sushi Imari,eating
0503_2018_248,21:55,71,0,food,Sushi Imari,eating
0503_2018_248,21:56,73,0,food,Sushi Imari,eating
0503_2018_248,21:57,73,0,food,Sushi Imari,eating
0503_2018_248,21:58,76,0,food,Sushi Imari,eating
0503_2018_248,21:59,73,0,food,Sushi Imari,eating
0503_2018_248,22:00,68,0,food,Sushi Imari,eating
0503_2018_248,22:01,71,0,food,Sushi Imari,eating
0503_2018_248,22:02,72,0,food,Sushi Imari,eating
0503_2018_248,22:03,72,0,food,Sushi Imari,eating
0503_2018_248,22:04,68,0,food,Sushi Imari,eating
0503_2018_248,22:05,67,0,food,Sushi Imari,eating
0503_2018_248,22:06,71,0,food,Sushi Imari,eating
0503_2018_248,22:07,68,0,food,Sushi Imari,eating
0503_2018_248,22:08,64,0,food,Sushi Imari,eating
0503_2018_248,22:09,63,0,food,Sushi Imari,eating
0503_2018_248,22:10,65,0,food,Sushi Imari,eating
0503_2018_248,22:11,65,0,food,Sushi Imari,eating
0503_2018_248,22:12,64,0,food,Sushi Imari,eating
0503_2018_248,22:13,63,0,food,Sushi Imari,eating
0503_2018_248,22:14,72,0,food,Sushi Imari,eating
0503_2018_248,22:15,73,0,food,Sushi Imari,eating
0503_2018_248,22:16,73,0,food,Sushi Imari,eating
0503_2018_248,22:17,72,10,food,Sushi Imari,eating
0503_2018_248,22:18,79,37,food,Sushi Imari,eating
0503_2018_248,22:19,91,42,food,Sushi Imari,eating
0504_2018_232,19:54,69,0,food,KoBaWoo House,eating
0504_2018_232,19:55,70,0,food,KoBaWoo House,eating
0504_2018_232,19:56,69,0,food,KoBaWoo House,eating
0504_2018_232,19:57,67,0,food,KoBaWoo House,eating
0504_2018_232,19:58,69,0,food,KoBaWoo House,eating
0504_2018_232,19:59,72,0,food,KoBaWoo House,eating
0504_2018_232,20:00,77,0,food,KoBaWoo House,eating
0504_2018_232,20:01,77,0,food,KoBaWoo House,eating
0504_2018_232,20:02,76,0,food,KoBaWoo House,eating
0504_2018_232,20:03,74,0,food,KoBaWoo House,eating
0504_2018_232,20:04,73,0,food,KoBaWoo House,eating
0504_2018_232,20:05,73,0,food,KoBaWoo House,eating
0504_2018_232,20:06,71,0,food,KoBaWoo House,eating
0504_2018_232,20:07,71,0,food,KoBaWoo House,eating
0504_2018_232,20:08,66,0,food,KoBaWoo House,eating
0504_2018_232,20:09,65,0,food,KoBaWoo House,eating
0504_2018_232,20:10,67,0,food,KoBaWoo House,eating
0504_2018_232,20:11,72,0,food,KoBaWoo House,eating
0504_2018_232,20:12,72,0,food,KoBaWoo House,eating
0504_2018_232,20:13,74,0,food,KoBaWoo House,eating
0504_2018_232,20:14,73,0,food,KoBaWoo House,eating
0504_2018_232,20:15,75,0,food,KoBaWoo House,eating
0504_2018_232,20:16,75,11,food,KoBaWoo House,eating
0504_2018_232,20:17,70,0,food,KoBaWoo House,eating
0504_2018_232,20:18,70,0,food,KoBaWoo House,eating
0504_2018_232,20:19,66,0,food,KoBaWoo House,eating
0504_2018_232,20:20,64,0,food,KoBaWoo House,eating
0504_2018_232,20:21,65,0,food,KoBaWoo House,eating
0504_2018_232,20:22,60,0,food,KoBaWoo House,eating
0504_2018_232,20:23,57,0,food,KoBaWoo House,eating
0504_2018_232,20:24,63,4,food,KoBaWoo House,eating
0504_2018_232,20:25,64,0,food,KoBaWoo House,eating
0504_2018_232,20:26,67,4,food,KoBaWoo House,eating
0504_2018_232,20:27,72,0,food,KoBaWoo House,eating
0504_2018_232,20:28,72,19,food,KoBaWoo House,eating
0504_2018_232,20:29,69,0,food,KoBaWoo House,eating
0504_2018_232,20:30,71,19,food,KoBaWoo House,eating
0504_2018_232,20:31,85,31,food,KoBaWoo House,eating
0504_2018_232,20:32,88,30,food,KoBaWoo House,eating
0504_2018_232,20:33,88,0,food,KoBaWoo House,eating
0511_2018_226,19:20,84,0,food,Phil's BBQ,eating
0511_2018_226,19:21,79,0,food,Phil's BBQ,eating
0511_2018_226,19:22,72,0,food,Phil's BBQ,eating
0511_2018_226,19:23,67,0,food,Phil's BBQ,eating
0511_2018_226,19:24,68,0,food,Phil's BBQ,eating
0511_2018_226,19:25,71,0,food,Phil's BBQ,eating
0511_2018_226,19:26,65,5,food,Phil's BBQ,eating
0511_2018_226,19:27,62,0,food,Phil's BBQ,eating
0511_2018_226,19:28,62,0,food,Phil's BBQ,eating
0511_2018_226,19:29,64,0,food,Phil's BBQ,eating
0511_2018_226,19:30,69,0,food,Phil's BBQ,eating
0511_2018_226,19:31,69,0,food,Phil's BBQ,eating
0511_2018_226,19:32,68,0,food,Phil's BBQ,eating
0511_2018_226,19:33,70,0,food,Phil's BBQ,eating
0511_2018_226,19:34,67,0,food,Phil's BBQ,eating
0511_2018_226,19:35,68,0,food,Phil's BBQ,eating
0511_2018_226,19:36,68,0,food,Phil's BBQ,eating
0511_2018_226,19:37,66,0,food,Phil's BBQ,eating
0511_2018_226,19:38,64,0,food,Phil's BBQ,eating
0511_2018_226,19:39,62,0,food,Phil's BBQ,eating
0511_2018_226,19:40,62,0,food,Phil's BBQ,eating
0511_2018_226,19:41,62,0,food,Phil's BBQ,eating
0511_2018_226,19:42,72,0,food,Phil's BBQ,eating
0511_2018_226,19:43,72,0,food,Phil's BBQ,eating
0511_2018_226,19:44,70,0,food,Phil's BBQ,eating
0511_2018_226,19:45,69,0,food,Phil's BBQ,eating
0511_2018_226,19:46,66,0,food,Phil's BBQ,eating
0511_2018_226,19:47,71,0,food,Phil's BBQ,eating
0511_2018_226,19:48,76,0,food,Phil's BBQ,eating
0511_2018_226,19:49,76,0,food,Phil's BBQ,eating
0511_2018_226,19:50,77,0,food,Phil's BBQ,eating
0511_2018_226,19:51,75,0,food,Phil's BBQ,eating
0511_2018_226,19:52,72,0,food,Phil's BBQ,eating
0511_2018_226,19:53,76,0,food,Phil's BBQ,eating
0511_2018_226,19:54,74,8,food,Phil's BBQ,eating
0511_2018_226,19:55,84,73,food,Phil's BBQ,eating
0511_2018_226,19:56,96,48,food,Phil's BBQ,eating
0511_2018_226,19:57,88,13,food,Phil's BBQ,eating
0511_2018_226,19:58,83,0,food,Phil's BBQ,eating
0511_2018_226,19:59,77,11,food,Phil's BBQ,eating
0522_2018_229,19:04,73,10,food,Young Pung,eating
0522_2018_229,19:05,67,0,food,Young Pung,eating
0522_2018_229,19:06,67,0,food,Young Pung,eating
0522_2018_229,19:07,68,0,food,Young Pung,eating
0522_2018_229,19:08,66,0,food,Young Pung,eating
0522_2018_229,19:09,67,19,food,Young Pung,eating
0522_2018_229,19:10,75,0,food,Young Pung,eating
0522_2018_229,19:11,78,0,food,Young Pung,eating
0522_2018_229,19:12,72,0,food,Young Pung,eating
0522_2018_229,19:13,64,0,food,Young Pung,eating
0522_2018_229,19:14,65,0,food,Young Pung,eating
0522_2018_229,19:15,65,0,food,Young Pung,eating
0522_2018_229,19:16,64,0,food,Young Pung,eating
0522_2018_229,19:17,64,0,food,Young Pung,eating
0522_2018_229,19:18,65,0,food,Young Pung,eating
0522_2018_229,19:19,66,0,food,Young Pung,eating
0522_2018_229,19:20,62,0,food,Young Pung,eating
0522_2018_229,19:21,63,8,food,Young Pung,eating
0522_2018_229,19:22,64,0,food,Young Pung,eating
0522_2018_229,19:23,67,0,food,Young Pung,eating
0522_2018_229,19:24,69,0,food,Young Pung,eating
0522_2018_229,19:25,65,0,food,Young Pung,eating
0522_2018_229,19:26,67,0,food,Young Pung,eating
0522_2018_229,19:27,68,0,food,Young Pung,eating
0522_2018_229,19:28,67,0,food,Young Pung,eating
0522_2018_229,19:29,68,7,food,Young Pung,eating
0522_2018_229,19:30,70,0,food,Young Pung,eating
0522_2018_229,19:31,69,0,food,Young Pung,eating
0522_2018_229,19:32,71,0,food,Young Pung,eating
0522_2018_229,19:33,73,0,food,Young Pung,eating
0522_2018_229,19:34,73,0,food,Young Pung,eating
0522_2018_229,19:35,71,0,food,Young Pung,eating
0522_2018_229,19:36,67,0,food,Young Pung,eating
0522_2018_229,19:37,75,0,food,Young Pung,eating
0522_2018_229,19:38,74,0,food,Young Pung,eating
0522_2018_229,19:39,73,0,food,Young Pung,eating
0522_2018_229,19:40,76,0,food,Young Pung,eating
0522_2018_229,19:41,78,14,food,Young Pung,eating
0522_2018_229,19:42,76,0,food,Young Pung,eating
0522_2018_229,19:43,81,0,food,Young Pung,eating
0522_2018_229,19:44,79,0,food,Young Pung,eating
0522_2018_229,19:45,80,0,food,Young Pung,eating
0522_2018_229,19:46,81,0,food,Young Pung,eating
0522_2018_229,19:47,81,0,food,Young Pung,eating
0522_2018_229,19:48,81,0,food,Young Pung,eating
0522_2018_229,19:49,82,0,food,Young Pung,eating
0522_2018_229,19:50,80,0,food,Young Pung,eating
0522_2018_229,19:51,79,0,food,Young Pung,eating
0522_2018_229,19:52,79,0,food,Young Pung,eating
0522_2018_229,19:53,80,0,food,Young Pung,eating
0522_2018_229,19:54,81,0,food,Young Pung,eating
0522_2018_229,19:55,81,0,food,Young Pung,eating
0522_2018_229,19:56,83,0,food,Young Pung,eating
0522_2018_229,19:57,85,0,food,Young Pung,eating
0522_2018_229,19:58,86,0,food,Young Pung,eating
0522_2018_229,19:59,87,0,food,Young Pung,eating
0522_2018_229,20:00,81,0,food,Young Pung,eating
0522_2018_229,20:01,81,0,food,Young Pung,eating
0522_2018_229,20:02,77,0,food,Young Pung,eating
0522_2018_229,20:03,80,33,food,Young Pung,eating
0525_2018_149,13:35,68,0,food,Kitayama,eating
0525_2018_149,13:36,68,0,food,Kitayama,eating
0525_2018_149,13:37,67,0,food,Kitayama,eating
0525_2018_149,13:38,72,0,food,Kitayama,eating
0525_2018_149,13:39,72,0,food,Kitayama,eating
0525_2018_149,13:40,69,0,food,Kitayama,eating
0525_2018_149,13:41,70,0,food,Kitayama,eating
0525_2018_149,13:42,74,0,food,Kitayama,eating
0525_2018_149,13:43,75,0,food,Kitayama,eating
0525_2018_149,13:44,68,0,food,Kitayama,eating
0525_2018_149,13:45,66,0,food,Kitayama,eating
0525_2018_149,13:46,81,0,food,Kitayama,eating
0525_2018_149,13:47,69,6,food,Kitayama,eating
0525_2018_149,13:48,71,0,food,Kitayama,eating
0525_2018_149,13:49,66,0,food,Kitayama,eating
0525_2018_149,13:50,64,0,food,Kitayama,eating
0525_2018_149,13:51,71,0,food,Kitayama,eating
0525_2018_149,13:52,69,0,food,Kitayama,eating
0525_2018_149,13:53,68,0,food,Kitayama,eating
0525_2018_149,13:54,73,0,food,Kitayama,eating
0525_2018_149,13:55,68,10,food,Kitayama,eating
0525_2018_149,13:56,70,0,food,Kitayama,eating
0525_2018_149,13:57,67,0,food,Kitayama,eating
0525_2018_149,13:58,67,0,food,Kitayama,eating
0525_2018_149,13:59,67,0,food,Kitayama,eating
0525_2018_149,14:00,69,0,food,Kitayama,eating
0525_2018_149,14:01,67,0,food,Kitayama,eating
0525_2018_149,14:02,68,0,food,Kitayama,eating
0525_2018_149,14:03,69,0,food,Kitayama,eating
0525_2018_149,14:04,65,0,food,Kitayama,eating
0525_2018_149,14:05,67,0,food,Kitayama,eating
0525_2018_149,14:06,69,0,food,Kitayama,eating
0525_2018_149,14:07,69,0,food,Kitayama,eating
0525_2018_149,14:08,69,0,food,Kitayama,eating
0525_2018_149,14:09,68,0,food,Kitayama,eating
0525_2018_149,14:10,68,0,food,Kitayama,eating
0525_2018_149,14:11,66,0,food,Kitayama,eating
0525_2018_149,14:12,64,0,food,Kitayama,eating
0525_2018_149,14:13,71,0,food,Kitayama,eating
0525_2018_149,14:14,68,0,food,Kitayama,eating
0525_2018_149,14:15,67,0,food,Kitayama,eating
0525_2018_149,14:16,71,0,food,Kitayama,eating
0525_2018_149,14:17,67,0,food,Kitayama,eating
0525_2018_149,14:18,70,0,food,Kitayama,eating
0525_2018_149,14:19,64,0,food,Kitayama,eating
0525_2018_149,14:20,67,0,food,Kitayama,eating
0525_2018_149,14:21,70,0,food,Kitayama,eating
0525_2018_149,14:22,67,0,food,Kitayama,eating
0525_2018_149,14:23,66,0,food,Kitayama,eating
0525_2018_149,14:24,67,0,food,Kitayama,eating
0525_2018_149,14:25,68,0,food,Kitayama,eating
0525_2018_149,14:26,67,0,food,Kitayama,eating
0525_2018_149,14:27,67,0,food,Kitayama,eating
0525_2018_149,14:28,73,0,food,Kitayama,eating
0525_2018_149,14:29,78,0,food,Kitayama,eating
0525_2018_149,14:30,74,0,food,Kitayama,eating
0525_2018_149,14:31,69,0,food,Kitayama,eating
0525_2018_149,14:32,71,0,food,Kitayama,eating
0525_2018_149,14:33,67,0,food,Kitayama,eating
0525_2018_149,14:34,67,0,food,Kitayama,eating
0525_2018_149,14:35,65,10,food,Kitayama,eating
0525_2018_149,14:36,79,35,food,Kitayama,eating
0525_2018_149,14:37,69,16,food,Kitayama,eating
0525_2018_149,14:38,75,12,food,Kitayama,eating
0525_2018_149,14:39,73,0,food,Kitayama,eating
0525_2018_149,14:40,72,0,food,Kitayama,eating
0525_2018_149,14:41,70,0,food,Kitayama,eating
0525_2018_149,14:42,71,0,food,Kitayama,eating
0525_2018_149,14:43,73,0,food,Kitayama,eating
0525_2018_149,14:44,70,0,food,Kitayama,eating
0525_2018_149,14:45,75,0,food,Kitayama,eating
0525_2018_149,14:46,74,0,food,Kitayama,eating
0525_2018_149,14:47,70,0,food,Kitayama,eating
0525_2018_149,14:48,65,0,food,Kitayama,eating
0525_2018_149,14:49,62,11,food,Kitayama,eating
0525_2018_149,14:50,70,37,food,Kitayama,eating
0525_2018_149,14:51,81,48,food,Kitayama,eating
0525_2018_149,14:52,87,53,food,Kitayama,eating
0525_2018_149,14:53,78,0,food,Kitayama,eating
0525_2018_149,14:54,73,0,food,Kitayama,eating
0526_2018_245,22:00,64,0,food,Mo Ran Gak Restaurant,eating
0526_2018_245,22:01,67,0,food,Mo Ran Gak Restaurant,eating
0526_2018_245,22:02,70,0,food,Mo Ran Gak Restaurant,eating
0526_2018_245,22:03,74,0,food,Mo Ran Gak Restaurant,eating
0526_2018_245,22:04,77,0,food,Mo Ran Gak Restaurant,eating
0526_2018_245,22:05,83,0,food,Mo Ran Gak Restaurant,eating
0526_2018_245,22:06,84,37,food,Mo Ran Gak Restaurant,eating
0526_2018_245,22:07,86,14,food,Mo Ran Gak Restaurant,eating
0526_2018_245,22:08,91,0,food,Mo Ran Gak Restaurant,eating
0526_2018_245,22:09,94,0,food,Mo Ran Gak Restaurant,eating
0526_2018_245,22:10,93,0,food,Mo Ran Gak Restaurant,eating
0526_2018_245,22:11,88,0,food,Mo Ran Gak Restaurant,eating
0526_2018_245,22:12,84,0,food,Mo Ran Gak Restaurant,eating
0526_2018_245,22:13,74,0,food,Mo Ran Gak Restaurant,eating
0526_2018_245,22:14,75,0,food,Mo Ran Gak Restaurant,eating
0526_2018_245,22:15,76,0,food,Mo Ran Gak Restaurant,eating
0526_2018_245,22:16,76,0,food,Mo Ran Gak Restaurant,eating
0526_2018_245,22:17,73,0,food,Mo Ran Gak Restaurant,eating
0526_2018_245,22:18,71,7,food,Mo Ran Gak Restaurant,eating
0526_2018_245,22:19,67,0,food,Mo Ran Gak Restaurant,eating
0526_2018_245,22:20,82,0,food,Mo Ran Gak Restaurant,eating
0526_2018_245,22:21,79,0,food,Mo Ran Gak Restaurant,eating
0526_2018_245,22:22,75,0,food,Mo Ran Gak Restaurant,eating
0526_2018_245,22:23,73,0,food,Mo Ran Gak Restaurant,eating
0526_2018_245,22:24,74,0,food,Mo Ran Gak Restaurant,eating
0526_2018_245,22:25,74,0,food,Mo Ran Gak Restaurant,eating
0526_2018_245,22:26,73,0,food,Mo Ran Gak Restaurant,eating
0526_2018_245,22:27,74,0,food,Mo Ran Gak Restaurant,eating
0526_2018_245,22:28,75,0,food,Mo Ran Gak Restaurant,eating
0526_2018_245,22:29,87,0,food,Mo Ran Gak Restaurant,eating
0526_2018_245,22:30,87,0,food,Mo Ran Gak Restaurant,eating
0526_2018_245,22:31,87,0,food,Mo Ran Gak Restaurant,eating
0526_2018_245,22:32,86,0,food,Mo Ran Gak Restaurant,eating
0526_2018_245,22:33,84,0,food,Mo Ran Gak Restaurant,eating
0526_2018_245,22:34,81,0,food,Mo Ran Gak Restaurant,eating
0526_2018_245,22:35,80,0,food,Mo Ran Gak Restaurant,eating
0526_2018_245,22:36,78,0,food,Mo Ran Gak Restaurant,eating
0526_2018_245,22:37,84,0,food,Mo Ran Gak Restaurant,eating
0526_2018_245,22:38,92,0,food,Mo Ran Gak Restaurant,eating
0526_2018_245,22:39,93,0,food,Mo Ran Gak Restaurant,eating
0526_2018_245,22:40,95,0,food,Mo Ran Gak Restaurant,eating
0526_2018_245,22:41,91,0,food,Mo Ran Gak Restaurant,eating
0526_2018_245,22:42,83,0,food,Mo Ran Gak Restaurant,eating
0526_2018_245,22:43,81,0,food,Mo Ran Gak Restaurant,eating
0526_2018_245,22:44,76,0,food,Mo Ran Gak Restaurant,eating
0526_2018_245,22:45,75,0,food,Mo Ran Gak Restaurant,eating
0526_2018_245,22:46,77,0,food,Mo Ran Gak Restaurant,eating
0526_2018_245,22:47,89,0,food,Mo Ran Gak Restaurant,eating
0526_2018_245,22:48,87,0,food,Mo Ran Gak Restaurant,eating
0526_2018_245,22:49,85,0,food,Mo Ran Gak Restaurant,eating
0526_2018_245,22:50,83,0,food,Mo Ran Gak Restaurant,eating
0526_2018_245,22:51,88,0,food,Mo Ran Gak Restaurant,eating
0526_2018_245,22:52,90,0,food,Mo Ran Gak Restaurant,eating
0526_2018_245,22:53,97,0,food,Mo Ran Gak Restaurant,eating
0526_2018_245,22:54,97,0,food,Mo Ran Gak Restaurant,eating
0526_2018_245,22:55,92,0,food,Mo Ran Gak Restaurant,eating
0526_2018_245,22:56,89,0,food,Mo Ran Gak Restaurant,eating
0526_2018_245,22:57,81,0,food,Mo Ran Gak Restaurant,eating
0526_2018_245,22:58,76,0,food,Mo Ran Gak Restaurant,eating
0526_2018_245,22:59,75,0,food,Mo Ran Gak Restaurant,eating
0526_2018_245,23:00,93,0,food,Mo Ran Gak Restaurant,eating
0526_2018_245,23:01,94,0,food,Mo Ran Gak Restaurant,eating
0526_2018_245,23:02,96,0,food,Mo Ran Gak Restaurant,eating
0526_2018_245,23:03,92,0,food,Mo Ran Gak Restaurant,eating
0526_2018_245,23:04,89,0,food,Mo Ran Gak Restaurant,eating
0526_2018_245,23:05,82,0,food,Mo Ran Gak Restaurant,eating
0526_2018_245,23:06,80,0,food,Mo Ran Gak Restaurant,eating
0526_2018_245,23:07,82,0,food,Mo Ran Gak Restaurant,eating
0526_2018_245,23:08,84,0,food,Mo Ran Gak Restaurant,eating
0526_2018_245,23:09,79,0,food,Mo Ran Gak Restaurant,eating
0526_2018_245,23:10,91,0,food,Mo Ran Gak Restaurant,eating
0526_2018_245,23:11,86,0,food,Mo Ran Gak Restaurant,eating
0526_2018_245,23:12,85,0,food,Mo Ran Gak Restaurant,eating
0526_2018_245,23:13,90,0,food,Mo Ran Gak Restaurant,eating
0526_2018_245,23:14,87,0,food,Mo Ran Gak Restaurant,eating
0526_2018_245,23:15,83,0,food,Mo Ran Gak Restaurant,eating
0526_2018_245,23:16,82,0,food,Mo Ran Gak Restaurant,eating
0526_2018_245,23:17,87,7,food,Mo Ran Gak Restaurant,eating
0526_2018_245,23:18,91,0,food,Mo Ran Gak Restaurant,eating
0526_2018_245,23:19,88,0,food,Mo Ran Gak Restaurant,eating
0526_2018_245,23:20,86,0,food,Mo Ran Gak Restaurant,eating
0526_2018_245,23:21,86,0,food,Mo Ran Gak Restaurant,eating
0526_2018_245,23:22,85,0,food,Mo Ran Gak Restaurant,eating
0526_2018_245,23:23,82,0,food,Mo Ran Gak Restaurant,eating
0526_2018_245,23:24,84,0,food,Mo Ran Gak Restaurant,eating
0526_2018_245,23:25,86,0,food,Mo Ran Gak Restaurant,eating
0526_2018_245,23:26,86,0,food,Mo Ran Gak Restaurant,eating
0526_2018_245,23:27,82,0,food,Mo Ran Gak Restaurant,eating
0526_2018_245,23:28,85,38,food,Mo Ran Gak Restaurant,eating
0526_2018_245,23:29,93,0,food,Mo Ran Gak Restaurant,eating
0526_2018_245,23:30,90,0,food,Mo Ran Gak Restaurant,eating
0526_2018_245,23:31,82,0,food,Mo Ran Gak Restaurant,eating
0526_2018_245,23:32,83,0,food,Mo Ran Gak Restaurant,eating
0526_2018_245,23:33,70,7,food,Mo Ran Gak Restaurant,eating
0526_2018_245,23:34,61,5,food,Mo Ran Gak Restaurant,eating
0526_2018_245,23:35,65,0,food,Mo Ran Gak Restaurant,eating
0526_2018_245,23:36,71,8,food,Mo Ran Gak Restaurant,eating
0526_2018_245,23:37,78,9,food,Mo Ran Gak Restaurant,eating
0526_2018_245,23:38,79,0,food,Mo Ran Gak Restaurant,eating
0526_2018_245,23:39,77,8,food,Mo Ran Gak Restaurant,eating
0526_2018_245,23:40,74,11,food,Mo Ran Gak Restaurant,eating
0526_2018_245,23:41,84,63,food,Mo Ran Gak Restaurant,eating
0526_2018_245,23:42,90,77,food,Mo Ran Gak Restaurant,eating
0526_2018_245,23:43,89,102,food,Mo Ran Gak Restaurant,eating
0526_2018_245,23:44,93,107,food,Mo Ran Gak Restaurant,eating
0527_2018_168,14:35,63,0,food,Chan Chan,eating
0527_2018_168,14:36,58,0,food,Chan Chan,eating
0527_2018_168,14:37,61,6,food,Chan Chan,eating
0527_2018_168,14:38,67,0,food,Chan Chan,eating
0527_2018_168,14:39,65,0,food,Chan Chan,eating
0527_2018_168,14:40,66,0,food,Chan Chan,eating
0527_2018_168,14:41,69,0,food,Chan Chan,eating
0527_2018_168,14:42,69,0,food,Chan Chan,eating
0527_2018_168,14:43,72,0,food,Chan Chan,eating
0527_2018_168,14:44,73,0,food,Chan Chan,eating
0527_2018_168,14:45,73,7,food,Chan Chan,eating
0527_2018_168,14:46,74,0,food,Chan Chan,eating
0527_2018_168,14:47,74,0,food,Chan Chan,eating
0527_2018_168,14:48,74,0,food,Chan Chan,eating
0527_2018_168,14:49,74,0,food,Chan Chan,eating
0527_2018_168,14:50,73,0,food,Chan Chan,eating
0527_2018_168,14:51,69,0,food,Chan Chan,eating
0527_2018_168,14:52,73,0,food,Chan Chan,eating
0527_2018_168,14:53,72,0,food,Chan Chan,eating
0527_2018_168,14:54,72,0,food,Chan Chan,eating
0527_2018_168,14:55,75,0,food,Chan Chan,eating
0527_2018_168,14:56,77,0,food,Chan Chan,eating
0527_2018_168,14:57,81,0,food,Chan Chan,eating
0527_2018_168,14:58,77,0,food,Chan Chan,eating
0527_2018_168,14:59,76,0,food,Chan Chan,eating
0527_2018_168,15:00,74,0,food,Chan Chan,eating
0527_2018_168,15:01,71,0,food,Chan Chan,eating
0527_2018_168,15:02,70,0,food,Chan Chan,eating
0527_2018_168,15:03,70,0,food,Chan Chan,eating
0527_2018_168,15:04,69,0,food,Chan Chan,eating
0527_2018_168,15:05,70,0,food,Chan Chan,eating
0527_2018_168,15:06,72,0,food,Chan Chan,eating
0527_2018_168,15:07,74,0,food,Chan Chan,eating
0527_2018_168,15:08,75,0,food,Chan Chan,eating
0527_2018_168,15:09,74,0,food,Chan Chan,eating
0527_2018_168,15:10,71,0,food,Chan Chan,eating
0527_2018_168,15:11,71,0,food,Chan Chan,eating
0527_2018_168,15:12,71,0,food,Chan Chan,eating
0527_2018_168,15:13,70,0,food,Chan Chan,eating
0527_2018_168,15:14,72,0,food,Chan Chan,eating
0527_2018_168,15:15,70,0,food,Chan Chan,eating
0527_2018_168,15:16,69,0,food,Chan Chan,eating
0527_2018_168,15:17,70,0,food,Chan Chan,eating
0527_2018_168,15:18,68,63,food,Chan Chan,eating
0527_2018_168,15:19,76,159,food,Chan Chan,eating
0528_2018_151,12:50,66,0,bakery,C'est Si Bon Bakery,eating
0528_2018_151,12:51,69,7,bakery,C'est Si Bon Bakery,eating
0528_2018_151,12:52,69,0,bakery,C'est Si Bon Bakery,eating
0528_2018_151,12:53,62,0,bakery,C'est Si Bon Bakery,eating
0528_2018_151,12:54,62,0,bakery,C'est Si Bon Bakery,eating
0528_2018_151,12:55,64,0,bakery,C'est Si Bon Bakery,eating
0528_2018_151,12:56,62,0,bakery,C'est Si Bon Bakery,eating
0528_2018_151,12:57,63,0,bakery,C'est Si Bon Bakery,eating
0528_2018_151,12:58,60,0,bakery,C'est Si Bon Bakery,eating
0528_2018_151,12:59,63,0,bakery,C'est Si Bon Bakery,eating
0528_2018_151,13:00,64,0,bakery,C'est Si Bon Bakery,eating
0528_2018_151,13:01,62,0,bakery,C'est Si Bon Bakery,eating
0528_2018_151,13:02,64,0,bakery,C'est Si Bon Bakery,eating
0528_2018_151,13:03,63,0,bakery,C'est Si Bon Bakery,eating
0528_2018_151,13:04,65,0,bakery,C'est Si Bon Bakery,eating
0528_2018_151,13:05,64,0,bakery,C'est Si Bon Bakery,eating
0528_2018_151,13:06,64,0,bakery,C'est Si Bon Bakery,eating
0528_2018_151,13:07,63,0,bakery,C'est Si Bon Bakery,eating
0528_2018_151,13:08,66,0,bakery,C'est Si Bon Bakery,eating
0528_2018_151,13:09,62,0,bakery,C'est Si Bon Bakery,eating
0528_2018_151,13:10,60,0,bakery,C'est Si Bon Bakery,eating
0528_2018_151,13:11,62,0,bakery,C'est Si Bon Bakery,eating
0528_2018_151,13:12,64,8,bakery,C'est Si Bon Bakery,eating
0528_2018_151,13:13,67,0,bakery,C'est Si Bon Bakery,eating
0528_2018_151,13:14,66,7,bakery,C'est Si Bon Bakery,eating
0528_2018_151,13:15,76,27,bakery,C'est Si Bon Bakery,eating
0528_2018_151,13:16,82,40,bakery,C'est Si Bon Bakery,eating
0528_2018_151,13:17,81,42,bakery,C'est Si Bon Bakery,eating
0528_2018_151,13:18,74,0,bakery,C'est Si Bon Bakery,eating
0528_2018_151,13:19,73,0,bakery,C'est Si Bon Bakery,eating
0603_2018_219,19:51,71,0,bar,Emporio,eating
0603_2018_219,19:52,68,0,bar,Emporio,eating
0603_2018_219,19:53,70,0,bar,Emporio,eating
0603_2018_219,19:54,68,0,bar,Emporio,eating
0603_2018_219,19:55,70,0,bar,Emporio,eating
0603_2018_219,19:56,70,0,bar,Emporio,eating
0603_2018_219,19:57,73,0,bar,Emporio,eating
0603_2018_219,19:58,71,0,bar,Emporio,eating
0603_2018_219,19:59,67,0,bar,Emporio,eating
0603_2018_219,20:00,67,0,bar,Emporio,eating
0603_2018_219,20:01,70,0,bar,Emporio,eating
0603_2018_219,20:02,68,0,bar,Emporio,eating
0603_2018_219,20:03,72,0,bar,Emporio,eating
0603_2018_219,20:04,68,0,bar,Emporio,eating
0603_2018_219,20:05,69,0,bar,Emporio,eating
0603_2018_219,20:06,69,0,bar,Emporio,eating
0603_2018_219,20:07,65,0,bar,Emporio,eating
0603_2018_219,20:08,67,0,bar,Emporio,eating
0603_2018_219,20:09,67,0,bar,Emporio,eating
0603_2018_219,20:10,69,0,bar,Emporio,eating
0603_2018_219,20:11,70,0,bar,Emporio,eating
0603_2018_219,20:12,70,9,bar,Emporio,eating
0603_2018_219,20:13,70,0,bar,Emporio,eating
0603_2018_219,20:14,71,0,bar,Emporio,eating
0603_2018_219,20:15,67,8,bar,Emporio,eating
0603_2018_219,20:16,65,0,bar,Emporio,eating
0603_2018_219,20:17,64,0,bar,Emporio,eating
0603_2018_219,20:18,65,0,bar,Emporio,eating
0603_2018_219,20:19,66,0,bar,Emporio,eating
0603_2018_219,20:20,70,0,bar,Emporio,eating
0603_2018_219,20:21,71,0,bar,Emporio,eating
0603_2018_219,20:22,70,0,bar,Emporio,eating
0603_2018_219,20:23,69,0,bar,Emporio,eating
0603_2018_219,20:24,70,0,bar,Emporio,eating
0603_2018_219,20:25,75,29,bar,Emporio,eating
0603_2018_219,20:26,84,34,bar,Emporio,eating
0603_2018_219,20:27,82,29,bar,Emporio,eating
0603_2018_219,20:28,87,26,bar,Emporio,eating
0603_2018_219,20:29,87,5,bar,Emporio,eating
0603_2018_219,20:30,84,0,bar,Emporio,eating
0603_2018_219,20:31,83,0,bar,Emporio,eating
0603_2018_219,20:32,82,0,bar,Emporio,eating
0603_2018_219,20:33,72,0,bar,Emporio,eating
0603_2018_219,20:34,71,0,bar,Emporio,eating
0603_2018_219,20:35,70,0,bar,Emporio,eating
0603_2018_219,20:36,70,0,bar,Emporio,eating
0603_2018_219,20:37,72,0,bar,Emporio,eating
0603_2018_219,20:38,74,0,bar,Emporio,eating
0603_2018_219,20:39,74,0,bar,Emporio,eating
0603_2018_219,20:40,77,0,bar,Emporio,eating
0603_2018_219,20:41,75,0,bar,Emporio,eating
0603_2018_219,20:42,70,0,bar,Emporio,eating
0603_2018_219,20:43,67,0,bar,Emporio,eating
0603_2018_219,20:44,69,19,bar,Emporio,eating
0603_2018_219,20:45,77,0,bar,Emporio,eating
0603_2018_219,20:46,80,0,bar,Emporio,eating
0603_2018_219,20:47,79,0,bar,Emporio,eating
0603_2018_219,20:48,85,0,bar,Emporio,eating
0603_2018_219,20:49,87,0,bar,Emporio,eating
0603_2018_219,20:50,86,0,bar,Emporio,eating
0603_2018_219,20:51,86,0,bar,Emporio,eating
0603_2018_219,20:52,85,0,bar,Emporio,eating
0603_2018_219,20:53,82,0,bar,Emporio,eating
0603_2018_219,20:54,79,0,bar,Emporio,eating
0603_2018_219,20:55,77,0,bar,Emporio,eating
0603_2018_219,20:56,80,0,bar,Emporio,eating
0603_2018_219,20:57,84,0,bar,Emporio,eating
0603_2018_219,20:58,81,0,bar,Emporio,eating
0603_2018_219,20:59,80,0,bar,Emporio,eating
0603_2018_219,21:00,80,0,bar,Emporio,eating
0603_2018_219,21:01,78,0,bar,Emporio,eating
0603_2018_219,21:02,80,0,bar,Emporio,eating
0603_2018_219,21:03,77,0,bar,Emporio,eating
0603_2018_219,21:04,76,0,bar,Emporio,eating
0603_2018_219,21:05,78,0,bar,Emporio,eating
0603_2018_219,21:06,80,0,bar,Emporio,eating
0603_2018_219,21:07,77,0,bar,Emporio,eating
0603_2018_219,21:08,77,0,bar,Emporio,eating
0603_2018_219,21:09,86,0,bar,Emporio,eating
0603_2018_219,21:10,81,0,bar,Emporio,eating
0603_2018_219,21:11,83,0,bar,Emporio,eating
0603_2018_219,21:12,82,0,bar,Emporio,eating
0603_2018_219,21:13,82,0,bar,Emporio,eating
0603_2018_219,21:14,81,0,bar,Emporio,eating
0603_2018_219,21:15,83,0,bar,Emporio,eating
0603_2018_219,21:16,82,0,bar,Emporio,eating
0603_2018_219,21:17,79,0,bar,Emporio,eating
0603_2018_219,21:18,78,0,bar,Emporio,eating
0603_2018_219,21:19,86,0,bar,Emporio,eating
0603_2018_219,21:20,81,0,bar,Emporio,eating
0603_2018_219,21:21,84,14,bar,Emporio,eating
0603_2018_219,21:22,79,0,bar,Emporio,eating
0603_2018_219,21:23,79,0,bar,Emporio,eating
0603_2018_219,21:24,81,0,bar,Emporio,eating
0603_2018_219,21:25,85,14,bar,Emporio,eating
0603_2018_219,21:26,85,0,bar,Emporio,eating
0603_2018_219,21:27,79,0,bar,Emporio,eating
0603_2018_219,21:28,80,0,bar,Emporio,eating
0603_2018_219,21:29,80,0,bar,Emporio,eating
0603_2018_219,21:30,82,6,bar,Emporio,eating
0603_2018_219,21:31,81,0,bar,Emporio,eating
0603_2018_219,21:32,86,0,bar,Emporio,eating
0603_2018_219,21:33,87,0,bar,Emporio,eating
0603_2018_219,21:34,76,0,bar,Emporio,eating
0603_2018_219,21:35,75,0,bar,Emporio,eating
0605_2018_246,21:17,67,0,food,Koreana,eating
0605_2018_246,21:18,67,0,food,Koreana,eating
0605_2018_246,21:19,67,0,food,Koreana,eating
0605_2018_246,21:20,64,0,food,Koreana,eating
0605_2018_246,21:21,67,0,food,Koreana,eating
0605_2018_246,21:22,66,0,food,Koreana,eating
0605_2018_246,21:23,65,0,food,Koreana,eating
0605_2018_246,21:24,66,0,food,Koreana,eating
0605_2018_246,21:25,65,0,food,Koreana,eating
0605_2018_246,21:26,64,0,food,Koreana,eating
0605_2018_246,21:27,66,0,food,Koreana,eating
0605_2018_246,21:28,66,0,food,Koreana,eating
0605_2018_246,21:29,65,0,food,Koreana,eating
0605_2018_246,21:30,64,0,food,Koreana,eating
0605_2018_246,21:31,63,0,food,Koreana,eating
0605_2018_246,21:32,61,10,food,Koreana,eating
0605_2018_246,21:33,63,0,food,Koreana,eating
0605_2018_246,21:34,65,0,food,Koreana,eating
0605_2018_246,21:35,68,0,food,Koreana,eating
0605_2018_246,21:36,69,0,food,Koreana,eating
0605_2018_246,21:37,71,0,food,Koreana,eating
0605_2018_246,21:38,73,0,food,Koreana,eating
0605_2018_246,21:39,74,0,food,Koreana,eating
0605_2018_246,21:40,73,0,food,Koreana,eating
0605_2018_246,21:41,74,0,food,Koreana,eating
0605_2018_246,21:42,74,0,food,Koreana,eating
0605_2018_246,21:43,71,0,food,Koreana,eating
0605_2018_246,21:44,72,0,food,Koreana,eating
0605_2018_246,21:45,75,0,food,Koreana,eating
0605_2018_246,21:46,75,0,food,Koreana,eating
0605_2018_246,21:47,74,0,food,Koreana,eating
0605_2018_246,21:48,75,0,food,Koreana,eating
0605_2018_246,21:49,75,0,food,Koreana,eating
0605_2018_246,21:50,73,0,food,Koreana,eating
0605_2018_246,21:51,70,0,food,Koreana,eating
0605_2018_246,21:52,72,0,food,Koreana,eating
0605_2018_246,21:53,69,0,food,Koreana,eating
0605_2018_246,21:54,67,0,food,Koreana,eating
0605_2018_246,21:55,66,0,food,Koreana,eating
0605_2018_246,21:56,67,0,food,Koreana,eating
0605_2018_246,21:57,67,0,food,Koreana,eating
0605_2018_246,21:58,68,0,food,Koreana,eating
0605_2018_246,21:59,74,0,food,Koreana,eating
0605_2018_246,22:00,73,0,food,Koreana,eating
0605_2018_246,22:01,73,0,food,Koreana,eating
0605_2018_246,22:02,71,0,food,Koreana,eating
0605_2018_246,22:03,73,0,food,Koreana,eating
0605_2018_246,22:04,69,0,food,Koreana,eating
0605_2018_246,22:05,66,0,food,Koreana,eating
0605_2018_246,22:06,68,0,food,Koreana,eating
0605_2018_246,22:07,69,0,food,Koreana,eating
0605_2018_246,22:08,70,0,food,Koreana,eating
0605_2018_246,22:09,71,0,food,Koreana,eating
0605_2018_246,22:10,77,0,food,Koreana,eating
0605_2018_246,22:11,78,19,food,Koreana,eating
0607_2018_145,12:42,61,17,bar,Carmelina's,eating
0607_2018_145,12:43,65,0,bar,Carmelina's,eating
0607_2018_145,12:44,61,0,bar,Carmelina's,eating
0607_2018_145,12:45,56,0,bar,Carmelina's,eating
0607_2018_145,12:46,54,0,bar,Carmelina's,eating
0607_2018_145,12:47,56,0,bar,Carmelina's,eating
0607_2018_145,12:48,60,12,bar,Carmelina's,eating
0607_2018_145,12:49,60,20,bar,Carmelina's,eating
0607_2018_145,12:50,73,30,bar,Carmelina's,eating
0607_2018_145,12:51,87,25,bar,Carmelina's,eating
0607_2018_145,12:52,66,0,bar,Carmelina's,eating
0607_2018_145,12:53,46,0,bar,Carmelina's,eating
0607_2018_145,12:54,49,0,bar,Carmelina's,eating
0607_2018_145,12:55,53,0,bar,Carmelina's,eating
0607_2018_145,12:56,59,0,bar,Carmelina's,eating
0607_2018_145,12:57,61,0,bar,Carmelina's,eating
0607_2018_145,12:58,62,0,bar,Carmelina's,eating
0607_2018_145,12:59,64,0,bar,Carmelina's,eating
0607_2018_145,13:00,62,0,bar,Carmelina's,eating
0607_2018_145,13:01,63,0,bar,Carmelina's,eating
0607_2018_145,13:02,62,0,bar,Carmelina's,eating
0607_2018_145,13:03,64,0,bar,Carmelina's,eating
0607_2018_145,13:04,66,0,bar,Carmelina's,eating
0607_2018_145,13:05,65,0,bar,Carmelina's,eating
0607_2018_145,13:06,65,0,bar,Carmelina's,eating
0607_2018_145,13:07,63,0,bar,Carmelina's,eating
0607_2018_145,13:08,63,0,bar,Carmelina's,eating
0607_2018_145,13:09,61,0,bar,Carmelina's,eating
0607_2018_145,13:10,67,0,bar,Carmelina's,eating
0607_2018_145,13:11,72,0,bar,Carmelina's,eating
0607_2018_145,13:12,69,0,bar,Carmelina's,eating
0607_2018_145,13:13,66,0,bar,Carmelina's,eating
0607_2018_145,13:14,61,0,bar,Carmelina's,eating
0607_2018_145,13:15,67,0,bar,Carmelina's,eating
0607_2018_145,13:16,71,0,bar,Carmelina's,eating
0607_2018_145,13:17,71,0,bar,Carmelina's,eating
0607_2018_145,13:18,71,0,bar,Carmelina's,eating
0607_2018_145,13:19,70,0,bar,Carmelina's,eating
0607_2018_145,13:20,69,0,bar,Carmelina's,eating
0607_2018_145,13:21,69,0,bar,Carmelina's,eating
0607_2018_145,13:22,65,0,bar,Carmelina's,eating
0607_2018_145,13:23,65,0,bar,Carmelina's,eating
0607_2018_145,13:24,67,4,bar,Carmelina's,eating
0607_2018_145,13:25,68,0,bar,Carmelina's,eating
0607_2018_145,13:26,73,11,bar,Carmelina's,eating
0611_2018_230,19:50,82,0,food,In-N-Out Burger,eating
0611_2018_230,19:51,80,0,food,In-N-Out Burger,eating
0611_2018_230,19:52,76,0,food,In-N-Out Burger,eating
0611_2018_230,19:53,72,0,food,In-N-Out Burger,eating
0611_2018_230,19:54,71,0,food,In-N-Out Burger,eating
0611_2018_230,19:55,73,0,food,In-N-Out Burger,eating
0611_2018_230,19:56,72,0,food,In-N-Out Burger,eating
0611_2018_230,19:57,75,0,food,In-N-Out Burger,eating
0611_2018_230,19:58,77,0,food,In-N-Out Burger,eating
0611_2018_230,19:59,78,0,food,In-N-Out Burger,eating
0611_2018_230,20:00,80,0,food,In-N-Out Burger,eating
0611_2018_230,20:01,81,0,food,In-N-Out Burger,eating
0611_2018_230,20:02,81,0,food,In-N-Out Burger,eating
0611_2018_230,20:03,84,0,food,In-N-Out Burger,eating
0611_2018_230,20:04,77,0,food,In-N-Out Burger,eating
0611_2018_230,20:05,75,0,food,In-N-Out Burger,eating
0611_2018_230,20:06,74,0,food,In-N-Out Burger,eating
0611_2018_230,20:07,68,0,food,In-N-Out Burger,eating
0611_2018_230,20:08,68,0,food,In-N-Out Burger,eating
0611_2018_230,20:09,72,0,food,In-N-Out Burger,eating
0611_2018_230,20:10,78,0,food,In-N-Out Burger,eating
0611_2018_230,20:11,82,0,food,In-N-Out Burger,eating
0611_2018_230,20:12,86,0,food,In-N-Out Burger,eating
0611_2018_230,20:13,90,7,food,In-N-Out Burger,eating
0611_2018_230,20:14,90,0,food,In-N-Out Burger,eating
0611_2018_230,20:15,90,0,food,In-N-Out Burger,eating
0611_2018_230,20:16,88,0,food,In-N-Out Burger,eating
0611_2018_230,20:17,73,0,food,In-N-Out Burger,eating
0611_2018_230,20:18,65,0,food,In-N-Out Burger,eating
0611_2018_230,20:19,68,0,food,In-N-Out Burger,eating
0611_2018_230,20:20,71,0,food,In-N-Out Burger,eating
0611_2018_230,20:21,71,0,food,In-N-Out Burger,eating
0611_2018_230,20:22,71,0,food,In-N-Out Burger,eating
0611_2018_230,20:23,75,6,food,In-N-Out Burger,eating
0611_2018_230,20:24,71,0,food,In-N-Out Burger,eating
0611_2018_230,20:25,70,0,food,In-N-Out Burger,eating
0611_2018_230,20:26,56,0,food,In-N-Out Burger,eating
0611_2018_230,20:27,59,0,food,In-N-Out Burger,eating
0611_2018_230,20:28,70,0,food,In-N-Out Burger,eating
0611_2018_230,20:29,70,0,food,In-N-Out Burger,eating
0611_2018_230,20:30,65,0,food,In-N-Out Burger,eating
0611_2018_230,20:31,66,0,food,In-N-Out Burger,eating
0611_2018_230,20:32,66,0,food,In-N-Out Burger,eating
0611_2018_230,20:33,64,0,food,In-N-Out Burger,eating
0611_2018_230,20:34,67,0,food,In-N-Out Burger,eating
0611_2018_230,20:35,74,0,food,In-N-Out Burger,eating
0611_2018_230,20:36,72,0,food,In-N-Out Burger,eating
0611_2018_230,20:37,70,0,food,In-N-Out Burger,eating
0611_2018_230,20:38,70,59,food,In-N-Out Burger,eating
0611_2018_230,20:39,87,85,food,In-N-Out Burger,eating
0612_2018_221,18:54,69,0,shopping_mall,Chai Lan,eating
0612_2018_221,18:55,66,0,shopping_mall,Chai Lan,eating
0612_2018_221,18:56,68,0,shopping_mall,Chai Lan,eating
0612_2018_221,18:57,67,0,shopping_mall,Chai Lan,eating
0612_2018_221,18:58,67,0,shopping_mall,Chai Lan,eating
0612_2018_221,18:59,69,0,shopping_mall,Chai Lan,eating
0612_2018_221,19:00,69,7,shopping_mall,Chai Lan,eating
0612_2018_221,19:01,72,0,shopping_mall,Chai Lan,eating
0612_2018_221,19:02,77,0,shopping_mall,Chai Lan,eating
0612_2018_221,19:03,80,0,shopping_mall,Chai Lan,eating
0612_2018_221,19:04,86,4,shopping_mall,Chai Lan,eating
0612_2018_221,19:05,88,0,shopping_mall,Chai Lan,eating
0612_2018_221,19:06,91,0,shopping_mall,Chai Lan,eating
0612_2018_221,19:07,90,0,shopping_mall,Chai Lan,eating
0612_2018_221,19:08,88,0,shopping_mall,Chai Lan,eating
0612_2018_221,19:09,84,0,shopping_mall,Chai Lan,eating
0612_2018_221,19:10,87,0,shopping_mall,Chai Lan,eating
0612_2018_221,19:11,90,0,shopping_mall,Chai Lan,eating
0612_2018_221,19:12,92,0,shopping_mall,Chai Lan,eating
0612_2018_221,19:13,94,0,shopping_mall,Chai Lan,eating
0612_2018_221,19:14,95,0,shopping_mall,Chai Lan,eating
0612_2018_221,19:15,94,0,shopping_mall,Chai Lan,eating
0612_2018_221,19:16,96,0,shopping_mall,Chai Lan,eating
0612_2018_221,19:17,92,0,shopping_mall,Chai Lan,eating
0612_2018_221,19:18,91,0,shopping_mall,Chai Lan,eating
0612_2018_221,19:19,92,0,shopping_mall,Chai Lan,eating
0612_2018_221,19:20,89,0,shopping_mall,Chai Lan,eating
0612_2018_221,19:21,91,0,shopping_mall,Chai Lan,eating
0612_2018_221,19:22,89,0,shopping_mall,Chai Lan,eating
0612_2018_221,19:23,92,0,shopping_mall,Chai Lan,eating
0612_2018_221,19:24,86,0,shopping_mall,Chai Lan,eating
0612_2018_221,19:25,80,0,shopping_mall,Chai Lan,eating
0612_2018_221,19:26,79,0,shopping_mall,Chai Lan,eating
0612_2018_221,19:27,82,0,shopping_mall,Chai Lan,eating
0612_2018_221,19:28,83,0,shopping_mall,Chai Lan,eating
0616_2018_233,20:29,61,49,food,Ye Dang Korean Restaurant,eating
0616_2018_233,20:30,74,83,food,Ye Dang Korean Restaurant,eating
0616_2018_233,20:31,82,9,food,Ye Dang Korean Restaurant,eating
0616_2018_233,20:32,84,0,food,Ye Dang Korean Restaurant,eating
0616_2018_233,20:33,83,0,food,Ye Dang Korean Restaurant,eating
0616_2018_233,20:34,82,0,food,Ye Dang Korean Restaurant,eating
0616_2018_233,20:35,70,0,food,Ye Dang Korean Restaurant,eating
0616_2018_233,20:36,68,0,food,Ye Dang Korean Restaurant,eating
0616_2018_233,20:37,67,0,food,Ye Dang Korean Restaurant,eating
0616_2018_233,20:38,68,0,food,Ye Dang Korean Restaurant,eating
0616_2018_233,20:39,68,0,food,Ye Dang Korean Restaurant,eating
0616_2018_233,20:40,68,0,food,Ye Dang Korean Restaurant,eating
0616_2018_233,20:41,68,0,food,Ye Dang Korean Restaurant,eating
0616_2018_233,20:42,69,0,food,Ye Dang Korean Restaurant,eating
0616_2018_233,20:43,69,0,food,Ye Dang Korean Restaurant,eating
0616_2018_233,20:44,68,0,food,Ye Dang Korean Restaurant,eating
0616_2018_233,20:45,66,0,food,Ye Dang Korean Restaurant,eating
0616_2018_233,20:46,67,0,food,Ye Dang Korean Restaurant,eating
0616_2018_233,20:47,68,0,food,Ye Dang Korean Restaurant,eating
0616_2018_233,20:48,64,0,food,Ye Dang Korean Restaurant,eating
0616_2018_233,20:49,64,0,food,Ye Dang Korean Restaurant,eating
0616_2018_233,20:50,67,0,food,Ye Dang Korean Restaurant,eating
0616_2018_233,20:51,68,0,food,Ye Dang Korean Restaurant,eating
0616_2018_233,20:52,68,0,food,Ye Dang Korean Restaurant,eating
0616_2018_233,20:53,68,0,food,Ye Dang Korean Restaurant,eating
0616_2018_233,20:54,67,0,food,Ye Dang Korean Restaurant,eating
0616_2018_233,20:55,67,0,food,Ye Dang Korean Restaurant,eating
0616_2018_233,20:56,65,0,food,Ye Dang Korean Restaurant,eating
0616_2018_233,20:57,66,8,food,Ye Dang Korean Restaurant,eating
0616_2018_233,20:58,68,0,food,Ye Dang Korean Restaurant,eating
0616_2018_233,20:59,68,0,food,Ye Dang Korean Restaurant,eating
0616_2018_233,21:00,65,0,food,Ye Dang Korean Restaurant,eating
0616_2018_233,21:01,66,11,food,Ye Dang Korean Restaurant,eating
0616_2018_233,21:02,68,0,food,Ye Dang Korean Restaurant,eating
0616_2018_233,21:03,70,0,food,Ye Dang Korean Restaurant,eating
0616_2018_233,21:04,69,0,food,Ye Dang Korean Restaurant,eating
0616_2018_233,21:05,69,0,food,Ye Dang Korean Restaurant,eating
0616_2018_233,21:06,72,0,food,Ye Dang Korean Restaurant,eating
0616_2018_233,21:07,74,0,food,Ye Dang Korean Restaurant,eating
0616_2018_233,21:08,75,6,food,Ye Dang Korean Restaurant,eating
0616_2018_233,21:09,84,0,food,Ye Dang Korean Restaurant,eating
0616_2018_233,21:10,84,0,food,Ye Dang Korean Restaurant,eating
0616_2018_233,21:11,82,0,food,Ye Dang Korean Restaurant,eating
0616_2018_233,21:12,82,0,food,Ye Dang Korean Restaurant,eating
0616_2018_233,21:13,83,0,food,Ye Dang Korean Restaurant,eating
0616_2018_233,21:14,85,0,food,Ye Dang Korean Restaurant,eating
0616_2018_233,21:15,82,0,food,Ye Dang Korean Restaurant,eating
0616_2018_233,21:16,83,0,food,Ye Dang Korean Restaurant,eating
0616_2018_233,21:17,85,0,food,Ye Dang Korean Restaurant,eating
0616_2018_233,21:18,87,0,food,Ye Dang Korean Restaurant,eating
0616_2018_233,21:19,87,0,food,Ye Dang Korean Restaurant,eating
0616_2018_233,21:20,85,0,food,Ye Dang Korean Restaurant,eating
0616_2018_233,21:21,85,0,food,Ye Dang Korean Restaurant,eating
0616_2018_233,21:22,84,0,food,Ye Dang Korean Restaurant,eating
0616_2018_233,21:23,81,0,food,Ye Dang Korean Restaurant,eating
0616_2018_233,21:24,80,0,food,Ye Dang Korean Restaurant,eating
0616_2018_233,21:25,78,0,food,Ye Dang Korean Restaurant,eating
0616_2018_233,21:26,76,0,food,Ye Dang Korean Restaurant,eating
0616_2018_233,21:27,73,0,food,Ye Dang Korean Restaurant,eating
0616_2018_233,21:28,74,4,food,Ye Dang Korean Restaurant,eating
0616_2018_233,21:29,71,0,food,Ye Dang Korean Restaurant,eating
0616_2018_233,21:30,71,0,food,Ye Dang Korean Restaurant,eating
0616_2018_233,21:31,71,0,food,Ye Dang Korean Restaurant,eating
0616_2018_233,21:32,68,0,food,Ye Dang Korean Restaurant,eating
0616_2018_233,21:33,69,0,food,Ye Dang Korean Restaurant,eating
0616_2018_233,21:34,72,0,food,Ye Dang Korean Restaurant,eating
0616_2018_233,21:35,70,0,food,Ye Dang Korean Restaurant,eating
0616_2018_233,21:36,70,0,food,Ye Dang Korean Restaurant,eating
0616_2018_233,21:37,72,0,food,Ye Dang Korean Restaurant,eating
0616_2018_233,21:38,75,32,food,Ye Dang Korean Restaurant,eating
0617_2018_168,14:35,88,10,food,The Halal Guys,eating
0617_2018_168,14:36,80,33,food,The Halal Guys,eating
0617_2018_168,14:37,71,24,food,The Halal Guys,eating
0617_2018_168,14:38,68,0,food,The Halal Guys,eating
0617_2018_168,14:39,64,0,food,The Halal Guys,eating
0617_2018_168,14:40,67,0,food,The Halal Guys,eating
0617_2018_168,14:41,66,0,food,The Halal Guys,eating
0617_2018_168,14:42,67,0,food,The Halal Guys,eating
0617_2018_168,14:43,64,0,food,The Halal Guys,eating
0617_2018_168,14:44,66,0,food,The Halal Guys,eating
0617_2018_168,14:45,69,0,food,The Halal Guys,eating
0617_2018_168,14:46,70,0,food,The Halal Guys,eating
0617_2018_168,14:47,66,0,food,The Halal Guys,eating
0617_2018_168,14:48,70,0,food,The Halal Guys,eating
0617_2018_168,14:49,68,0,food,The Halal Guys,eating
0617_2018_168,14:50,68,0,food,The Halal Guys,eating
0617_2018_168,14:51,69,0,food,The Halal Guys,eating
0617_2018_168,14:52,71,0,food,The Halal Guys,eating
0617_2018_168,14:53,67,0,food,The Halal Guys,eating
0617_2018_168,14:54,66,6,food,The Halal Guys,eating
0617_2018_168,14:55,69,0,food,The Halal Guys,eating
0617_2018_168,14:56,69,0,food,The Halal Guys,eating
0617_2018_168,14:57,69,0,food,The Halal Guys,eating
0617_2018_168,14:58,70,0,food,The Halal Guys,eating
0617_2018_168,14:59,66,0,food,The Halal Guys,eating
0617_2018_168,15:00,64,0,food,The Halal Guys,eating
0617_2018_168,15:01,65,0,food,The Halal Guys,eating
0617_2018_168,15:02,64,0,food,The Halal Guys,eating
0617_2018_168,15:03,67,0,food,The Halal Guys,eating
0617_2018_168,15:04,67,0,food,The Halal Guys,eating
0617_2018_168,15:05,66,7,food,The Halal Guys,eating
0617_2018_168,15:06,67,0,food,The Halal Guys,eating
0617_2018_168,15:07,64,0,food,The Halal Guys,eating
0617_2018_168,15:08,66,0,food,The Halal Guys,eating
0617_2018_168,15:09,65,0,food,The Halal Guys,eating
0617_2018_168,15:10,66,0,food,The Halal Guys,eating
0617_2018_168,15:11,64,0,food,The Halal Guys,eating
0617_2018_168,15:12,63,0,food,The Halal Guys,eating
0617_2018_168,15:13,60,5,food,The Halal Guys,eating
0617_2018_168,15:14,60,4,food,The Halal Guys,eating
0617_2018_168,15:15,61,0,food,The Halal Guys,eating
0617_2018_168,15:16,61,0,food,The Halal Guys,eating
0617_2018_168,15:17,62,0,food,The Halal Guys,eating
0617_2018_168,15:18,62,0,food,The Halal Guys,eating
0617_2018_168,15:19,64,0,food,The Halal Guys,eating
0620_2018_230,20:45,67,7,bar,Ironwood Cellar. Craft. Cook.,eating
0620_2018_230,20:46,68,0,bar,Ironwood Cellar. Craft. Cook.,eating
0620_2018_230,20:47,66,0,bar,Ironwood Cellar. Craft. Cook.,eating
0620_2018_230,20:48,68,8,bar,Ironwood Cellar. Craft. Cook.,eating
0620_2018_230,20:49,61,6,bar,Ironwood Cellar. Craft. Cook.,eating
0620_2018_230,20:50,58,0,bar,Ironwood Cellar. Craft. Cook.,eating
0620_2018_230,20:51,59,26,bar,Ironwood Cellar. Craft. Cook.,eating
0620_2018_230,20:52,63,0,bar,Ironwood Cellar. Craft. Cook.,eating
0620_2018_230,20:53,61,0,bar,Ironwood Cellar. Craft. Cook.,eating
0620_2018_230,20:54,60,0,bar,Ironwood Cellar. Craft. Cook.,eating
0620_2018_230,20:55,62,0,bar,Ironwood Cellar. Craft. Cook.,eating
0620_2018_230,20:56,62,0,bar,Ironwood Cellar. Craft. Cook.,eating
0620_2018_230,20:57,62,0,bar,Ironwood Cellar. Craft. Cook.,eating
0620_2018_230,20:58,63,0,bar,Ironwood Cellar. Craft. Cook.,eating
0620_2018_230,20:59,67,0,bar,Ironwood Cellar. Craft. Cook.,eating
0620_2018_230,21:00,72,7,bar,Ironwood Cellar. Craft. Cook.,eating
0620_2018_230,21:01,77,0,bar,Ironwood Cellar. Craft. Cook.,eating
0620_2018_230,21:02,75,0,bar,Ironwood Cellar. Craft. Cook.,eating
0620_2018_230,21:03,77,0,bar,Ironwood Cellar. Craft. Cook.,eating
0620_2018_230,21:04,74,0,bar,Ironwood Cellar. Craft. Cook.,eating
0620_2018_230,21:05,76,0,bar,Ironwood Cellar. Craft. Cook.,eating
0620_2018_230,21:06,78,0,bar,Ironwood Cellar. Craft. Cook.,eating
0620_2018_230,21:07,73,0,bar,Ironwood Cellar. Craft. Cook.,eating
0620_2018_230,21:08,72,0,bar,Ironwood Cellar. Craft. Cook.,eating
0620_2018_230,21:09,72,16,bar,Ironwood Cellar. Craft. Cook.,eating
0620_2018_230,21:10,71,0,bar,Ironwood Cellar. Craft. Cook.,eating
0620_2018_230,21:11,73,0,bar,Ironwood Cellar. Craft. Cook.,eating
0620_2018_230,21:12,69,0,bar,Ironwood Cellar. Craft. Cook.,eating
0620_2018_230,21:13,71,0,bar,Ironwood Cellar. Craft. Cook.,eating
0620_2018_230,21:14,72,0,bar,Ironwood Cellar. Craft. Cook.,eating
0620_2018_230,21:15,70,0,bar,Ironwood Cellar. Craft. Cook.,eating
0620_2018_230,21:16,71,0,bar,Ironwood Cellar. Craft. Cook.,eating
0620_2018_230,21:17,70,0,bar,Ironwood Cellar. Craft. Cook.,eating
0620_2018_230,21:18,68,0,bar,Ironwood Cellar. Craft. Cook.,eating
0620_2018_230,21:19,69,0,bar,Ironwood Cellar. Craft. Cook.,eating
0620_2018_230,21:20,65,0,bar,Ironwood Cellar. Craft. Cook.,eating
0620_2018_230,21:21,63,0,bar,Ironwood Cellar. Craft. Cook.,eating
0620_2018_230,21:22,64,0,bar,Ironwood Cellar. Craft. Cook.,eating
0620_2018_230,21:23,68,0,bar,Ironwood Cellar. Craft. Cook.,eating
0620_2018_230,21:24,70,0,bar,Ironwood Cellar. Craft. Cook.,eating
0620_2018_230,21:25,69,0,bar,Ironwood Cellar. Craft. Cook.,eating
0620_2018_230,21:26,68,0,bar,Ironwood Cellar. Craft. Cook.,eating
0620_2018_230,21:27,68,0,bar,Ironwood Cellar. Craft. Cook.,eating
0620_2018_230,21:28,68,0,bar,Ironwood Cellar. Craft. Cook.,eating
0620_2018_230,21:29,68,0,bar,Ironwood Cellar. Craft. Cook.,eating
0620_2018_230,21:30,66,0,bar,Ironwood Cellar. Craft. Cook.,eating
0620_2018_230,21:31,68,7,bar,Ironwood Cellar. Craft. Cook.,eating
0620_2018_230,21:32,73,0,bar,Ironwood Cellar. Craft. Cook.,eating
0620_2018_230,21:33,77,0,bar,Ironwood Cellar. Craft. Cook.,eating
0620_2018_230,21:34,79,6,bar,Ironwood Cellar. Craft. Cook.,eating
0620_2018_230,21:35,77,0,bar,Ironwood Cellar. Craft. Cook.,eating
0620_2018_230,21:36,76,0,bar,Ironwood Cellar. Craft. Cook.,eating
0620_2018_230,21:37,75,0,bar,Ironwood Cellar. Craft. Cook.,eating
0620_2018_230,21:38,77,0,bar,Ironwood Cellar. Craft. Cook.,eating
0620_2018_230,21:39,73,6,bar,Ironwood Cellar. Craft. Cook.,eating
0620_2018_230,21:40,76,0,bar,Ironwood Cellar. Craft. Cook.,eating
0620_2018_230,21:41,79,7,bar,Ironwood Cellar. Craft. Cook.,eating
0620_2018_230,21:42,78,0,bar,Ironwood Cellar. Craft. Cook.,eating
0620_2018_230,21:43,82,0,bar,Ironwood Cellar. Craft. Cook.,eating
0620_2018_230,21:44,82,6,bar,Ironwood Cellar. Craft. Cook.,eating
0620_2018_230,21:45,80,6,bar,Ironwood Cellar. Craft. Cook.,eating
0620_2018_230,21:46,78,0,bar,Ironwood Cellar. Craft. Cook.,eating
0620_2018_230,21:47,78,0,bar,Ironwood Cellar. Craft. Cook.,eating
0620_2018_230,21:48,74,0,bar,Ironwood Cellar. Craft. Cook.,eating
0620_2018_230,21:49,75,0,bar,Ironwood Cellar. Craft. Cook.,eating
0620_2018_230,21:50,75,0,bar,Ironwood Cellar. Craft. Cook.,eating
0620_2018_230,21:51,74,0,bar,Ironwood Cellar. Craft. Cook.,eating
0620_2018_230,21:52,80,0,bar,Ironwood Cellar. Craft. Cook.,eating
0620_2018_230,21:53,77,0,bar,Ironwood Cellar. Craft. Cook.,eating
0620_2018_230,21:54,81,0,bar,Ironwood Cellar. Craft. Cook.,eating
0620_2018_230,21:55,77,0,bar,Ironwood Cellar. Craft. Cook.,eating
0620_2018_230,21:56,73,0,bar,Ironwood Cellar. Craft. Cook.,eating
0620_2018_230,21:57,75,0,bar,Ironwood Cellar. Craft. Cook.,eating
0620_2018_230,21:58,76,0,bar,Ironwood Cellar. Craft. Cook.,eating
0620_2018_230,21:59,82,0,bar,Ironwood Cellar. Craft. Cook.,eating
0620_2018_230,22:00,77,0,bar,Ironwood Cellar. Craft. Cook.,eating
0620_2018_230,22:01,74,0,bar,Ironwood Cellar. Craft. Cook.,eating
0620_2018_230,22:02,73,0,bar,Ironwood Cellar. Craft. Cook.,eating
0620_2018_230,22:03,68,0,bar,Ironwood Cellar. Craft. Cook.,eating
0620_2018_230,22:04,67,0,bar,Ironwood Cellar. Craft. Cook.,eating
0620_2018_230,22:05,72,0,bar,Ironwood Cellar. Craft. Cook.,eating
0620_2018_230,22:06,81,0,bar,Ironwood Cellar. Craft. Cook.,eating
0620_2018_230,22:07,76,0,bar,Ironwood Cellar. Craft. Cook.,eating
0620_2018_230,22:08,76,0,bar,Ironwood Cellar. Craft. Cook.,eating
0620_2018_230,22:09,75,0,bar,Ironwood Cellar. Craft. Cook.,eating
0620_2018_230,22:10,73,0,bar,Ironwood Cellar. Craft. Cook.,eating
0620_2018_230,22:11,73,4,bar,Ironwood Cellar. Craft. Cook.,eating
0620_2018_230,22:12,69,0,bar,Ironwood Cellar. Craft. Cook.,eating
0620_2018_230,22:13,72,0,bar,Ironwood Cellar. Craft. Cook.,eating
0620_2018_230,22:14,72,0,bar,Ironwood Cellar. Craft. Cook.,eating
0620_2018_230,22:15,75,0,bar,Ironwood Cellar. Craft. Cook.,eating
0620_2018_230,22:16,74,0,bar,Ironwood Cellar. Craft. Cook.,eating
0620_2018_230,22:17,69,0,bar,Ironwood Cellar. Craft. Cook.,eating
0620_2018_230,22:18,70,0,bar,Ironwood Cellar. Craft. Cook.,eating
0620_2018_230,22:19,70,0,bar,Ironwood Cellar. Craft. Cook.,eating
0620_2018_230,22:20,68,0,bar,Ironwood Cellar. Craft. Cook.,eating
0620_2018_230,22:21,66,0,bar,Ironwood Cellar. Craft. Cook.,eating
0620_2018_230,22:22,68,0,bar,Ironwood Cellar. Craft. Cook.,eating
0620_2018_230,22:23,72,0,bar,Ironwood Cellar. Craft. Cook.,eating
0620_2018_230,22:24,68,0,bar,Ironwood Cellar. Craft. Cook.,eating
0620_2018_230,22:25,70,0,bar,Ironwood Cellar. Craft. Cook.,eating
0620_2018_230,22:26,68,10,bar,Ironwood Cellar. Craft. Cook.,eating
0620_2018_230,22:27,73,67,bar,Ironwood Cellar. Craft. Cook.,eating
0620_2018_230,22:28,81,42,bar,Ironwood Cellar. Craft. Cook.,eating
0620_2018_230,22:29,79,8,bar,Ironwood Cellar. Craft. Cook.,eating
0621_2018_148,12:55,63,0,food,Yushoken Izakaya & Ramen,eating
0621_2018_148,12:56,62,0,food,Yushoken Izakaya & Ramen,eating
0621_2018_148,12:57,58,0,food,Yushoken Izakaya & Ramen,eating
0621_2018_148,12:58,58,8,food,Yushoken Izakaya & Ramen,eating
0621_2018_148,12:59,59,0,food,Yushoken Izakaya & Ramen,eating
0621_2018_148,13:00,60,0,food,Yushoken Izakaya & Ramen,eating
0621_2018_148,13:01,61,0,food,Yushoken Izakaya & Ramen,eating
0621_2018_148,13:02,60,0,food,Yushoken Izakaya & Ramen,eating
0621_2018_148,13:03,62,0,food,Yushoken Izakaya & Ramen,eating
0621_2018_148,13:04,62,0,food,Yushoken Izakaya & Ramen,eating
0621_2018_148,13:05,63,0,food,Yushoken Izakaya & Ramen,eating
0621_2018_148,13:06,65,0,food,Yushoken Izakaya & Ramen,eating
0621_2018_148,13:07,65,0,food,Yushoken Izakaya & Ramen,eating
0621_2018_148,13:08,60,0,food,Yushoken Izakaya & Ramen,eating
0621_2018_148,13:09,62,0,food,Yushoken Izakaya & Ramen,eating
0621_2018_148,13:10,59,0,food,Yushoken Izakaya & Ramen,eating
0621_2018_148,13:11,59,0,food,Yushoken Izakaya & Ramen,eating
0621_2018_148,13:12,59,0,food,Yushoken Izakaya & Ramen,eating
0621_2018_148,13:13,60,0,food,Yushoken Izakaya & Ramen,eating
0621_2018_148,13:14,66,0,food,Yushoken Izakaya & Ramen,eating
0621_2018_148,13:15,68,0,food,Yushoken Izakaya & Ramen,eating
0621_2018_148,13:16,68,0,food,Yushoken Izakaya & Ramen,eating
0621_2018_148,13:17,66,0,food,Yushoken Izakaya & Ramen,eating
0621_2018_148,13:18,66,0,food,Yushoken Izakaya & Ramen,eating
0621_2018_148,13:19,65,0,food,Yushoken Izakaya & Ramen,eating
0621_2018_148,13:20,65,0,food,Yushoken Izakaya & Ramen,eating
0621_2018_148,13:21,70,0,food,Yushoken Izakaya & Ramen,eating
0621_2018_148,13:22,67,0,food,Yushoken Izakaya & Ramen,eating
0621_2018_148,13:23,64,0,food,Yushoken Izakaya & Ramen,eating
0621_2018_148,13:24,63,0,food,Yushoken Izakaya & Ramen,eating
0621_2018_148,13:25,63,0,food,Yushoken Izakaya & Ramen,eating
0621_2018_148,13:26,64,0,food,Yushoken Izakaya & Ramen,eating
0621_2018_148,13:27,66,0,food,Yushoken Izakaya & Ramen,eating
0621_2018_148,13:28,66,0,food,Yushoken Izakaya & Ramen,eating
0621_2018_148,13:29,62,0,food,Yushoken Izakaya & Ramen,eating
0621_2018_148,13:30,57,0,food,Yushoken Izakaya & Ramen,eating
0621_2018_148,13:31,62,0,food,Yushoken Izakaya & Ramen,eating
0621_2018_148,13:32,63,0,food,Yushoken Izakaya & Ramen,eating
0621_2018_148,13:33,66,0,food,Yushoken Izakaya & Ramen,eating
0621_2018_148,13:34,66,0,food,Yushoken Izakaya & Ramen,eating
0621_2018_148,13:35,64,0,food,Yushoken Izakaya & Ramen,eating
0621_2018_148,13:36,67,0,food,Yushoken Izakaya & Ramen,eating
0621_2018_148,13:37,65,0,food,Yushoken Izakaya & Ramen,eating
0621_2018_148,13:38,70,79,food,Yushoken Izakaya & Ramen,eating
0621_2018_148,13:39,74,90,food,Yushoken Izakaya & Ramen,eating
0624_2018_167,14:50,74,0,cafe,MOULIN,eating
0624_2018_167,14:51,71,0,cafe,MOULIN,eating
0624_2018_167,14:52,67,0,cafe,MOULIN,eating
0624_2018_167,14:53,64,9,cafe,MOULIN,eating
0624_2018_167,14:54,61,8,cafe,MOULIN,eating
0624_2018_167,14:55,67,36,cafe,MOULIN,eating
0624_2018_167,14:56,72,0,cafe,MOULIN,eating
0624_2018_167,14:57,74,0,cafe,MOULIN,eating
0624_2018_167,14:58,72,0,cafe,MOULIN,eating
0624_2018_167,14:59,69,0,cafe,MOULIN,eating
0624_2018_167,15:00,68,0,cafe,MOULIN,eating
0624_2018_167,15:01,68,54,cafe,MOULIN,eating
0624_2018_167,15:02,82,30,cafe,MOULIN,eating
0624_2018_167,15:03,86,0,cafe,MOULIN,eating
0624_2018_167,15:04,78,0,cafe,MOULIN,eating
0624_2018_167,15:05,74,0,cafe,MOULIN,eating
0624_2018_167,15:06,71,0,cafe,MOULIN,eating
0624_2018_167,15:07,69,0,cafe,MOULIN,eating
0624_2018_167,15:08,73,0,cafe,MOULIN,eating
0624_2018_167,15:09,77,0,cafe,MOULIN,eating
0624_2018_167,15:10,74,0,cafe,MOULIN,eating
0624_2018_167,15:11,75,0,cafe,MOULIN,eating
0624_2018_167,15:12,75,0,cafe,MOULIN,eating
0624_2018_167,15:13,72,0,cafe,MOULIN,eating
0624_2018_167,15:14,78,0,cafe,MOULIN,eating
0624_2018_167,15:15,75,0,cafe,MOULIN,eating
0624_2018_167,15:16,80,0,cafe,MOULIN,eating
0624_2018_167,15:17,79,0,cafe,MOULIN,eating
0624_2018_167,15:18,80,0,cafe,MOULIN,eating
0624_2018_167,15:19,75,0,cafe,MOULIN,eating
0624_2018_167,15:20,71,0,cafe,MOULIN,eating
0624_2018_167,15:21,68,0,cafe,MOULIN,eating
0624_2018_167,15:22,73,0,cafe,MOULIN,eating
0624_2018_167,15:23,71,0,cafe,MOULIN,eating
0624_2018_167,15:24,69,0,cafe,MOULIN,eating
0624_2018_167,15:25,73,0,cafe,MOULIN,eating
0624_2018_167,15:26,73,0,cafe,MOULIN,eating
0624_2018_167,15:27,75,0,cafe,MOULIN,eating
0624_2018_167,15:28,78,0,cafe,MOULIN,eating
0624_2018_167,15:29,75,0,cafe,MOULIN,eating
0624_2018_167,15:30,75,0,cafe,MOULIN,eating
0624_2018_167,15:31,73,0,cafe,MOULIN,eating
0624_2018_167,15:32,66,0,cafe,MOULIN,eating
0624_2018_167,15:33,78,0,cafe,MOULIN,eating
0624_2018_167,15:34,81,0,cafe,MOULIN,eating
0624_2018_167,15:35,82,4,cafe,MOULIN,eating
0624_2018_167,15:36,81,0,cafe,MOULIN,eating
0624_2018_167,15:37,78,0,cafe,MOULIN,eating
0624_2018_167,15:38,68,0,cafe,MOULIN,eating
0624_2018_167,15:39,69,0,cafe,MOULIN,eating
0624_2018_167,15:40,74,0,cafe,MOULIN,eating
0624_2018_167,15:41,71,0,cafe,MOULIN,eating
0624_2018_167,15:42,74,0,cafe,MOULIN,eating
0624_2018_167,15:43,74,0,cafe,MOULIN,eating
0624_2018_167,15:44,72,0,cafe,MOULIN,eating
0624_2018_167,15:45,72,0,cafe,MOULIN,eating
0624_2018_167,15:46,67,0,cafe,MOULIN,eating
0624_2018_167,15:47,68,0,cafe,MOULIN,eating
0624_2018_167,15:48,67,0,cafe,MOULIN,eating
0624_2018_167,15:49,67,0,cafe,MOULIN,eating
0624_2018_167,15:50,67,0,cafe,MOULIN,eating
0624_2018_167,15:51,74,0,cafe,MOULIN,eating
0624_2018_167,15:52,73,55,cafe,MOULIN,eating
0624_2018_167,15:53,82,99,cafe,MOULIN,eating
0624_2018_167,15:54,87,99,cafe,MOULIN,eating
0704_2018_152,13:01,83,0,bar,Driftwood Kitchen,eating
0704_2018_152,13:02,81,0,bar,Driftwood Kitchen,eating
0704_2018_152,13:03,79,0,bar,Driftwood Kitchen,eating
0704_2018_152,13:04,79,10,bar,Driftwood Kitchen,eating
0704_2018_152,13:05,78,0,bar,Driftwood Kitchen,eating
0704_2018_152,13:06,75,0,bar,Driftwood Kitchen,eating
0704_2018_152,13:07,76,0,bar,Driftwood Kitchen,eating
0704_2018_152,13:08,77,0,bar,Driftwood Kitchen,eating
0704_2018_152,13:09,77,0,bar,Driftwood Kitchen,eating
0704_2018_152,13:10,76,0,bar,Driftwood Kitchen,eating
0704_2018_152,13:11,74,0,bar,Driftwood Kitchen,eating
0704_2018_152,13:12,73,0,bar,Driftwood Kitchen,eating
0704_2018_152,13:13,71,0,bar,Driftwood Kitchen,eating
0704_2018_152,13:14,69,0,bar,Driftwood Kitchen,eating
0704_2018_152,13:15,67,0,bar,Driftwood Kitchen,eating
0704_2018_152,13:16,69,0,bar,Driftwood Kitchen,eating
0704_2018_152,13:17,70,0,bar,Driftwood Kitchen,eating
0704_2018_152,13:18,72,0,bar,Driftwood Kitchen,eating
0704_2018_152,13:19,68,0,bar,Driftwood Kitchen,eating
0704_2018_152,13:20,67,0,bar,Driftwood Kitchen,eating
0704_2018_152,13:21,68,32,bar,Driftwood Kitchen,eating
0704_2018_152,13:22,71,24,bar,Driftwood Kitchen,eating
0704_2018_152,13:23,75,18,bar,Driftwood Kitchen,eating
0704_2018_152,13:24,76,0,bar,Driftwood Kitchen,eating
0704_2018_152,13:25,70,0,bar,Driftwood Kitchen,eating
0704_2018_152,13:26,70,0,bar,Driftwood Kitchen,eating
0704_2018_152,13:27,66,0,bar,Driftwood Kitchen,eating
0704_2018_152,13:28,68,0,bar,Driftwood Kitchen,eating
0704_2018_152,13:29,69,0,bar,Driftwood Kitchen,eating
0704_2018_152,13:30,66,14,bar,Driftwood Kitchen,eating
0713_2018_235,21:04,91,0,cafe,Coffee Tomo Irvine,eating
0713_2018_235,21:05,94,0,cafe,Coffee Tomo Irvine,eating
0713_2018_235,21:06,93,0,cafe,Coffee Tomo Irvine,eating
0713_2018_235,21:07,93,0,cafe,Coffee Tomo Irvine,eating
0713_2018_235,21:08,94,0,cafe,Coffee Tomo Irvine,eating
0713_2018_235,21:09,91,18,cafe,Coffee Tomo Irvine,eating
0713_2018_235,21:10,87,0,cafe,Coffee Tomo Irvine,eating
0713_2018_235,21:11,79,0,cafe,Coffee Tomo Irvine,eating
0713_2018_235,21:12,78,0,cafe,Coffee Tomo Irvine,eating
0713_2018_235,21:13,79,0,cafe,Coffee Tomo Irvine,eating
0713_2018_235,21:14,81,0,cafe,Coffee Tomo Irvine,eating
0713_2018_235,21:15,82,0,cafe,Coffee Tomo Irvine,eating
0713_2018_235,21:16,84,0,cafe,Coffee Tomo Irvine,eating
0713_2018_235,21:17,89,7,cafe,Coffee Tomo Irvine,eating
0713_2018_235,21:18,86,0,cafe,Coffee Tomo Irvine,eating
0713_2018_235,21:19,82,0,cafe,Coffee Tomo Irvine,eating
0713_2018_235,21:20,83,0,cafe,Coffee Tomo Irvine,eating
0713_2018_235,21:21,78,0,cafe,Coffee Tomo Irvine,eating
0713_2018_235,21:22,75,0,cafe,Coffee Tomo Irvine,eating
0713_2018_235,21:23,70,0,cafe,Coffee Tomo Irvine,eating
0713_2018_235,21:24,74,8,cafe,Coffee Tomo Irvine,eating
0713_2018_235,21:25,74,0,cafe,Coffee Tomo Irvine,eating
0713_2018_235,21:26,72,0,cafe,Coffee Tomo Irvine,eating
0713_2018_235,21:27,73,0,cafe,Coffee Tomo Irvine,eating
0713_2018_235,21:28,78,0,cafe,Coffee Tomo Irvine,eating
0713_2018_235,21:29,81,0,cafe,Coffee Tomo Irvine,eating
0713_2018_235,21:30,77,0,cafe,Coffee Tomo Irvine,eating
0713_2018_235,21:31,73,0,cafe,Coffee Tomo Irvine,eating
0713_2018_235,21:32,72,0,cafe,Coffee Tomo Irvine,eating
0713_2018_235,21:33,70,0,cafe,Coffee Tomo Irvine,eating
0713_2018_235,21:34,71,0,cafe,Coffee Tomo Irvine,eating
0713_2018_235,21:35,68,0,cafe,Coffee Tomo Irvine,eating
0713_2018_235,21:36,67,0,cafe,Coffee Tomo Irvine,eating
0713_2018_235,21:37,68,0,cafe,Coffee Tomo Irvine,eating
0713_2018_235,21:38,68,0,cafe,Coffee Tomo Irvine,eating
0713_2018_235,21:39,70,0,cafe,Coffee Tomo Irvine,eating
0713_2018_235,21:40,71,0,cafe,Coffee Tomo Irvine,eating
0713_2018_235,21:41,71,0,cafe,Coffee Tomo Irvine,eating
0713_2018_235,21:42,67,0,cafe,Coffee Tomo Irvine,eating
0713_2018_235,21:43,66,0,cafe,Coffee Tomo Irvine,eating
0713_2018_235,21:44,69,0,cafe,Coffee Tomo Irvine,eating
0713_2018_235,21:45,70,0,cafe,Coffee Tomo Irvine,eating
0713_2018_235,21:46,72,0,cafe,Coffee Tomo Irvine,eating
0713_2018_235,21:47,74,0,cafe,Coffee Tomo Irvine,eating
0713_2018_235,21:48,76,0,cafe,Coffee Tomo Irvine,eating
0713_2018_235,21:49,74,0,cafe,Coffee Tomo Irvine,eating
0713_2018_235,21:50,75,0,cafe,Coffee Tomo Irvine,eating
0713_2018_235,21:51,70,0,cafe,Coffee Tomo Irvine,eating
0713_2018_235,21:52,69,0,cafe,Coffee Tomo Irvine,eating
0713_2018_235,21:53,73,0,cafe,Coffee Tomo Irvine,eating
0713_2018_235,21:54,73,0,cafe,Coffee Tomo Irvine,eating
0713_2018_235,21:55,73,0,cafe,Coffee Tomo Irvine,eating
0713_2018_235,21:56,73,0,cafe,Coffee Tomo Irvine,eating
0713_2018_235,21:57,70,0,cafe,Coffee Tomo Irvine,eating
0713_2018_235,21:58,71,0,cafe,Coffee Tomo Irvine,eating
0713_2018_235,21:59,73,0,cafe,Coffee Tomo Irvine,eating
0713_2018_235,22:00,76,0,cafe,Coffee Tomo Irvine,eating
0713_2018_235,22:01,74,0,cafe,Coffee Tomo Irvine,eating
0713_2018_235,22:02,71,0,cafe,Coffee Tomo Irvine,eating
0713_2018_235,22:03,72,0,cafe,Coffee Tomo Irvine,eating
0713_2018_235,22:04,73,0,cafe,Coffee Tomo Irvine,eating
0713_2018_235,22:05,74,0,cafe,Coffee Tomo Irvine,eating
0713_2018_235,22:06,73,0,cafe,Coffee Tomo Irvine,eating
0713_2018_235,22:07,67,0,cafe,Coffee Tomo Irvine,eating
0713_2018_235,22:08,68,0,cafe,Coffee Tomo Irvine,eating
0713_2018_235,22:09,67,0,cafe,Coffee Tomo Irvine,eating
0713_2018_235,22:10,69,0,cafe,Coffee Tomo Irvine,eating
0713_2018_235,22:11,68,0,cafe,Coffee Tomo Irvine,eating
0713_2018_235,22:12,67,0,cafe,Coffee Tomo Irvine,eating
0713_2018_235,22:13,65,0,cafe,Coffee Tomo Irvine,eating
0713_2018_235,22:14,66,0,cafe,Coffee Tomo Irvine,eating
0713_2018_235,22:15,68,0,cafe,Coffee Tomo Irvine,eating
0713_2018_235,22:16,69,0,cafe,Coffee Tomo Irvine,eating
0713_2018_235,22:17,69,0,cafe,Coffee Tomo Irvine,eating
0713_2018_235,22:18,69,0,cafe,Coffee Tomo Irvine,eating
0713_2018_235,22:19,71,0,cafe,Coffee Tomo Irvine,eating
0713_2018_235,22:20,72,0,cafe,Coffee Tomo Irvine,eating
0713_2018_235,22:21,72,0,cafe,Coffee Tomo Irvine,eating
0713_2018_235,22:22,73,0,cafe,Coffee Tomo Irvine,eating
0713_2018_235,22:23,71,7,cafe,Coffee Tomo Irvine,eating
0713_2018_235,22:24,71,0,cafe,Coffee Tomo Irvine,eating
0713_2018_235,22:25,70,0,cafe,Coffee Tomo Irvine,eating
0713_2018_235,22:26,73,0,cafe,Coffee Tomo Irvine,eating
0713_2018_235,22:27,72,0,cafe,Coffee Tomo Irvine,eating
0713_2018_235,22:28,69,0,cafe,Coffee Tomo Irvine,eating
0713_2018_235,22:29,69,0,cafe,Coffee Tomo Irvine,eating
0713_2018_235,22:30,68,0,cafe,Coffee Tomo Irvine,eating
0713_2018_235,22:31,69,0,cafe,Coffee Tomo Irvine,eating
0713_2018_235,22:32,71,7,cafe,Coffee Tomo Irvine,eating
0713_2018_235,22:33,77,0,cafe,Coffee Tomo Irvine,eating
0713_2018_235,22:34,78,0,cafe,Coffee Tomo Irvine,eating
0713_2018_235,22:35,73,0,cafe,Coffee Tomo Irvine,eating
0713_2018_235,22:36,71,0,cafe,Coffee Tomo Irvine,eating
0713_2018_235,22:37,71,6,cafe,Coffee Tomo Irvine,eating
0713_2018_235,22:38,79,61,cafe,Coffee Tomo Irvine,eating
0721_2018_218,19:02,62,0,food,Young King Chinese Restaurant,eating
0721_2018_218,19:03,59,0,food,Young King Chinese Restaurant,eating
0721_2018_218,19:04,61,0,food,Young King Chinese Restaurant,eating
0721_2018_218,19:05,63,0,food,Young King Chinese Restaurant,eating
0721_2018_218,19:06,63,0,food,Young King Chinese Restaurant,eating
0721_2018_218,19:07,63,0,food,Young King Chinese Restaurant,eating
0721_2018_218,19:08,60,0,food,Young King Chinese Restaurant,eating
0721_2018_218,19:09,61,0,food,Young King Chinese Restaurant,eating
0721_2018_218,19:10,61,0,food,Young King Chinese Restaurant,eating
0721_2018_218,19:11,67,17,food,Young King Chinese Restaurant,eating
0721_2018_218,19:12,72,0,food,Young King Chinese Restaurant,eating
0721_2018_218,19:13,74,0,food,Young King Chinese Restaurant,eating
0721_2018_218,19:14,76,0,food,Young King Chinese Restaurant,eating
0721_2018_218,19:15,74,0,food,Young King Chinese Restaurant,eating
0721_2018_218,19:16,73,0,food,Young King Chinese Restaurant,eating
0721_2018_218,19:17,72,0,food,Young King Chinese Restaurant,eating
0721_2018_218,19:18,73,0,food,Young King Chinese Restaurant,eating
0721_2018_218,19:19,74,0,food,Young King Chinese Restaurant,eating
0721_2018_218,19:20,77,0,food,Young King Chinese Restaurant,eating
0721_2018_218,19:21,73,4,food,Young King Chinese Restaurant,eating
0721_2018_218,19:22,76,0,food,Young King Chinese Restaurant,eating
0721_2018_218,19:23,71,0,food,Young King Chinese Restaurant,eating
0721_2018_218,19:24,71,0,food,Young King Chinese Restaurant,eating
0721_2018_218,19:25,70,0,food,Young King Chinese Restaurant,eating
0721_2018_218,19:26,65,0,food,Young King Chinese Restaurant,eating
0721_2018_218,19:27,67,0,food,Young King Chinese Restaurant,eating
0721_2018_218,19:28,73,0,food,Young King Chinese Restaurant,eating
0721_2018_218,19:29,73,0,food,Young King Chinese Restaurant,eating
0721_2018_218,19:30,70,0,food,Young King Chinese Restaurant,eating
0721_2018_218,19:31,67,0,food,Young King Chinese Restaurant,eating
0721_2018_218,19:32,70,0,food,Young King Chinese Restaurant,eating
0721_2018_218,19:33,76,0,food,Young King Chinese Restaurant,eating
0721_2018_218,19:34,76,0,food,Young King Chinese Restaurant,eating
0721_2018_218,19:35,76,0,food,Young King Chinese Restaurant,eating
0721_2018_218,19:36,76,0,food,Young King Chinese Restaurant,eating
0721_2018_218,19:37,70,0,food,Young King Chinese Restaurant,eating
0721_2018_218,19:38,71,0,food,Young King Chinese Restaurant,eating
0721_2018_218,19:39,82,0,food,Young King Chinese Restaurant,eating
0721_2018_218,19:40,81,0,food,Young King Chinese Restaurant,eating
0721_2018_218,19:41,81,0,food,Young King Chinese Restaurant,eating
0721_2018_218,19:42,79,0,food,Young King Chinese Restaurant,eating
0721_2018_218,19:43,79,0,food,Young King Chinese Restaurant,eating
0721_2018_218,19:44,75,0,food,Young King Chinese Restaurant,eating
0721_2018_218,19:45,74,0,food,Young King Chinese Restaurant,eating
0721_2018_218,19:46,68,0,food,Young King Chinese Restaurant,eating
0721_2018_218,19:47,68,0,food,Young King Chinese Restaurant,eating
0721_2018_218,19:48,66,0,food,Young King Chinese Restaurant,eating
0721_2018_218,19:49,69,0,food,Young King Chinese Restaurant,eating
0721_2018_218,19:50,69,0,food,Young King Chinese Restaurant,eating
0721_2018_218,19:51,70,64,food,Young King Chinese Restaurant,eating
0721_2018_218,19:52,71,0,food,Young King Chinese Restaurant,eating
0721_2018_218,19:53,70,0,food,Young King Chinese Restaurant,eating
0721_2018_218,19:54,69,0,food,Young King Chinese Restaurant,eating
0721_2018_218,19:55,69,0,food,Young King Chinese Restaurant,eating
0721_2018_218,19:56,70,0,food,Young King Chinese Restaurant,eating
0721_2018_218,19:57,69,0,food,Young King Chinese Restaurant,eating
0721_2018_218,19:58,67,8,food,Young King Chinese Restaurant,eating
0721_2018_218,19:59,68,0,food,Young King Chinese Restaurant,eating
0721_2018_218,20:00,68,34,food,Young King Chinese Restaurant,eating
0721_2018_218,20:01,81,78,food,Young King Chinese Restaurant,eating
0805_2018_209,18:26,59,0,food,Thai Cafe,eating
0805_2018_209,18:27,64,0,food,Thai Cafe,eating
0805_2018_209,18:28,64,0,food,Thai Cafe,eating
0805_2018_209,18:29,61,0,food,Thai Cafe,eating
0805_2018_209,18:30,61,0,food,Thai Cafe,eating
0805_2018_209,18:31,63,0,food,Thai Cafe,eating
0805_2018_209,18:32,63,0,food,Thai Cafe,eating
0805_2018_209,18:33,64,0,food,Thai Cafe,eating
0805_2018_209,18:34,64,0,food,Thai Cafe,eating
0805_2018_209,18:35,61,0,food,Thai Cafe,eating
0805_2018_209,18:36,60,0,food,Thai Cafe,eating
0805_2018_209,18:37,62,0,food,Thai Cafe,eating
0805_2018_209,18:38,63,0,food,Thai Cafe,eating
0805_2018_209,18:39,64,0,food,Thai Cafe,eating
0805_2018_209,18:40,62,0,food,Thai Cafe,eating
0805_2018_209,18:41,61,0,food,Thai Cafe,eating
0805_2018_209,18:42,64,0,food,Thai Cafe,eating
0805_2018_209,18:43,64,0,food,Thai Cafe,eating
0805_2018_209,18:44,64,0,food,Thai Cafe,eating
0805_2018_209,18:45,64,0,food,Thai Cafe,eating
0805_2018_209,18:46,72,0,food,Thai Cafe,eating
0805_2018_209,18:47,76,0,food,Thai Cafe,eating
0805_2018_209,18:48,71,0,food,Thai Cafe,eating
0805_2018_209,18:49,68,0,food,Thai Cafe,eating
0805_2018_209,18:50,70,0,food,Thai Cafe,eating
0805_2018_209,18:51,75,0,food,Thai Cafe,eating
0805_2018_209,18:52,75,0,food,Thai Cafe,eating
0805_2018_209,18:53,71,0,food,Thai Cafe,eating
0805_2018_209,18:54,69,0,food,Thai Cafe,eating
0805_2018_209,18:55,69,0,food,Thai Cafe,eating
0805_2018_209,18:56,66,0,food,Thai Cafe,eating
0805_2018_209,18:57,65,0,food,Thai Cafe,eating
0805_2018_209,18:58,68,0,food,Thai Cafe,eating
0805_2018_209,18:59,69,0,food,Thai Cafe,eating
0805_2018_209,19:00,64,0,food,Thai Cafe,eating
0805_2018_209,19:01,69,0,food,Thai Cafe,eating
0805_2018_209,19:02,71,0,food,Thai Cafe,eating
0805_2018_209,19:03,70,0,food,Thai Cafe,eating
0805_2018_209,19:04,64,0,food,Thai Cafe,eating
0805_2018_209,19:05,63,0,food,Thai Cafe,eating
0805_2018_209,19:06,68,0,food,Thai Cafe,eating
0805_2018_209,19:07,70,0,food,Thai Cafe,eating
0805_2018_209,19:08,66,0,food,Thai Cafe,eating
0805_2018_209,19:09,65,0,food,Thai Cafe,eating
0805_2018_209,19:10,66,0,food,Thai Cafe,eating
0805_2018_209,19:11,65,0,food,Thai Cafe,eating
0805_2018_209,19:12,64,0,food,Thai Cafe,eating
0805_2018_209,19:13,66,0,food,Thai Cafe,eating
0805_2018_209,19:14,67,0,food,Thai Cafe,eating
0805_2018_209,19:15,63,0,food,Thai Cafe,eating
0805_2018_209,19:16,65,0,food,Thai Cafe,eating
0805_2018_209,19:17,70,0,food,Thai Cafe,eating
0805_2018_209,19:18,69,0,food,Thai Cafe,eating
0805_2018_209,19:19,68,0,food,Thai Cafe,eating
0805_2018_209,19:20,68,0,food,Thai Cafe,eating
0805_2018_209,19:21,69,0,food,Thai Cafe,eating
0805_2018_209,19:22,66,0,food,Thai Cafe,eating
0805_2018_209,19:23,65,0,food,Thai Cafe,eating
0805_2018_209,19:24,65,0,food,Thai Cafe,eating
0805_2018_209,19:25,62,0,food,Thai Cafe,eating
0805_2018_209,19:26,60,0,food,Thai Cafe,eating
0805_2018_209,19:27,63,0,food,Thai Cafe,eating
0805_2018_209,19:28,65,0,food,Thai Cafe,eating
0805_2018_209,19:29,66,0,food,Thai Cafe,eating
0805_2018_209,19:30,68,20,food,Thai Cafe,eating
0805_2018_209,19:31,70,5,food,Thai Cafe,eating
0805_2018_209,19:32,75,0,food,Thai Cafe,eating
0805_2018_209,19:33,74,19,food,Thai Cafe,eating
0805_2018_209,19:34,89,5,food,Thai Cafe,eating
0805_2018_209,19:35,101,27,food,Thai Cafe,eating