0106_2018_199,16:31,73,0,food,Vie de France,eating
0106_2018_199,16:32,70,0,food,Vie de France,eating
0106_2018_199,16:33,67,0,food,Vie de France,eating
0106_2018_199,16:34,64,0,food,Vie de France,eating
0106_2018_199,16:35,63,0,food,Vie de France,eating
0106_2018_199,16:36,62,0,food,Vie de France,eating
0106_2018_199,16:37,63,0,food,Vie de France,eating
0106_2018_199,16:38,62,0,food,Vie de France,eating
0106_2018_199,16:39,63,0,food,Vie de France,eating
0106_2018_199,16:40,63,0,food,Vie de France,eating
0106_2018_199,16:41,61,0,food,Vie de France,eating
0106_2018_199,16:42,61,0,food,Vie de France,eating
0106_2018_199,16:43,63,0,food,Vie de France,eating
0106_2018_199,16:44,61,0,food,Vie de France,eating
0106_2018_199,16:45,61,0,food,Vie de France,eating
0106_2018_199,16:46,63,0,food,Vie de France,eating
0106_2018_199,16:47,62,0,food,Vie de France,eating
0106_2018_199,16:48,64,0,food,Vie de France,eating
0106_2018_199,16:49,66,0,food,Vie de France,eating
0106_2018_199,16:50,69,0,food,Vie de France,eating
0106_2018_199,16:51,69,0,food,Vie de France,eating
0106_2018_199,16:52,70,0,food,Vie de France,eating
0106_2018_199,16:53,74,0,food,Vie de France,eating
0106_2018_199,16:54,72,0,food,Vie de France,eating
0106_2018_199,16:55,69,0,food,Vie de France,eating
0106_2018_199,16:56,70,0,food,Vie de France,eating
0106_2018_199,16:57,71,0,food,Vie de France,eating
0106_2018_199,16:58,70,0,food,Vie de France,eating
0106_2018_199,16:59,69,0,food,Vie de France,eating
0106_2018_199,17:00,70,0,food,Vie de France,eating
0106_2018_199,17:01,69,0,food,Vie de France,eating
0106_2018_199,17:02,69,0,food,Vie de France,eating
0106_2018_199,17:03,73,0,food,Vie de France,eating
0106_2018_199,17:04,71,0,food,Vie de France,eating
0106_2018_199,17:05,70,0,food,Vie de France,eating
0106_2018_199,17:06,70,0,food,Vie de France,eating
0106_2018_199,17:07,68,0,food,Vie de France,eating
0106_2018_199,17:08,68,0,food,Vie de France,eating
0106_2018_199,17:09,72,0,food,Vie de France,eating
0106_2018_199,17:10,69,0,food,Vie de France,eating
0106_2018_199,17:11,72,0,food,Vie de France,eating
0106_2018_199,17:12,72,0,food,Vie de France,eating
0106_2018_199,17:13,71,0,food,Vie de France,eating
0106_2018_199,17:14,70,34,food,Vie de France,eating
0106_2018_199,17:15,78,97,food,Vie de France,eating
0112_2018_149,13:17,65,0,food,Eureka!,eating
0112_2018_149,13:18,60,0,food,Eureka!,eating
0112_2018_149,13:19,59,0,food,Eureka!,eating
0112_2018_149,13:20,59,0,food,Eureka!,eating
0112_2018_149,13:21,62,0,food,Eureka!,eating
0112_2018_149,13:22,63,0,food,Eureka!,eating
0112_2018_149,13:23,60,0,food,Eureka!,eating
0112_2018_149,13:24,59,0,food,Eureka!,eating
0112_2018_149,13:25,57,14,food,Eureka!,eating
0112_2018_149,13:26,65,8,food,Eureka!,eating
0112_2018_149,13:27,68,0,food,Eureka!,eating
0112_2018_149,13:28,69,0,food,Eureka!,eating
0112_2018_149,13:29,66,0,food,Eureka!,eating
0112_2018_149,13:30,67,0,food,Eureka!,eating
0112_2018_149,13:31,70,0,food,Eureka!,eating
0112_2018_149,13:32,66,0,food,Eureka!,eating
0112_2018_149,13:33,64,0,food,Eureka!,eating
0112_2018_149,13:34,67,0,food,Eureka!,eating
0112_2018_149,13:35,66,0,food,Eureka!,eating
0112_2018_149,13:36,64,0,food,Eureka!,eating
0112_2018_149,13:37,64,0,food,Eureka!,eating
0112_2018_149,13:38,64,0,food,Eureka!,eating
0112_2018_149,13:39,72,0,food,Eureka!,eating
0112_2018_149,13:40,71,0,food,Eureka!,eating
0112_2018_149,13:41,66,0,food,Eureka!,eating
0112_2018_149,13:42,64,0,food,Eureka!,eating
0112_2018_149,13:43,63,0,food,Eureka!,eating
0112_2018_149,13:44,65,0,food,Eureka!,eating
0112_2018_149,13:45,64,0,food,Eureka!,eating
0112_2018_149,13:46,69,0,food,Eureka!,eating
0112_2018_149,13:47,63,0,food,Eureka!,eating
0112_2018_149,13:48,64,0,food,Eureka!,eating
0112_2018_149,13:49,62,0,food,Eureka!,eating
0112_2018_149,13:50,64,0,food,Eureka!,eating
0112_2018_149,13:51,67,0,food,Eureka!,eating
0112_2018_149,13:52,75,0,food,Eureka!,eating
0112_2018_149,13:53,72,0,food,Eureka!,eating
0112_2018_149,13:54,69,0,food,Eureka!,eating
0112_2018_149,13:55,68,0,food,Eureka!,eating
0112_2018_149,13:56,68,0,food,Eureka!,eating
0112_2018_149,13:57,72,0,food,Eureka!,eating
0112_2018_149,13:58,78,0,food,Eureka!,eating
0112_2018_149,13:59,79,0,food,Eureka!,eating
0112_2018_149,14:00,79,0,food,Eureka!,eating
0112_2018_149,14:01,76,0,food,Eureka!,eating
0112_2018_149,14:02,70,0,food,Eureka!,eating
0112_2018_149,14:03,68,0,food,Eureka!,eating
0112_2018_149,14:04,65,0,food,Eureka!,eating
0112_2018_149,14:05,69,0,food,Eureka!,eating
0112_2018_149,14:06,77,0,food,Eureka!,eating
0112_2018_149,14:07,79,0,food,Eureka!,eating
0112_2018_149,14:08,74,0,food,Eureka!,eating
0112_2018_149,14:09,70,0,food,Eureka!,eating
0112_2018_149,14:10,69,0,food,Eureka!,eating
0112_2018_149,14:11,78,0,food,Eureka!,eating
0112_2018_149,14:12,78,0,food,Eureka!,eating
0112_2018_149,14:13,74,0,food,Eureka!,eating
0112_2018_149,14:14,69,0,food,Eureka!,eating
0112_2018_149,14:15,68,0,food,Eureka!,eating
0112_2018_149,14:16,71,13,food,Eureka!,eating
0114_2018_140,12:46,58,0,food,Eat Chow,eating
0114_2018_140,12:47,59,0,food,Eat Chow,eating
0114_2018_140,12:48,56,0,food,Eat Chow,eating
0114_2018_140,12:49,58,0,food,Eat Chow,eating
0114_2018_140,12:50,59,0,food,Eat Chow,eating
0114_2018_140,12:51,56,0,food,Eat Chow,eating
0114_2018_140,12:52,54,0,food,Eat Chow,eating
0114_2018_140,12:53,56,0,food,Eat Chow,eating
0114_2018_140,12:54,56,0,food,Eat Chow,eating
0114_2018_140,12:55,58,0,food,Eat Chow,eating
0114_2018_140,12:56,61,0,food,Eat Chow,eating
0114_2018_140,12:57,58,0,food,Eat Chow,eating
0114_2018_140,12:58,58,0,food,Eat Chow,eating
0114_2018_140,12:59,57,0,food,Eat Chow,eating
0114_2018_140,13:00,56,0,food,Eat Chow,eating
0114_2018_140,13:01,58,0,food,Eat Chow,eating
0114_2018_140,13:02,58,0,food,Eat Chow,eating
0114_2018_140,13:03,61,12,food,Eat Chow,eating
0114_2018_140,13:04,59,0,food,Eat Chow,eating
0114_2018_140,13:05,56,0,food,Eat Chow,eating
0114_2018_140,13:06,56,0,food,Eat Chow,eating
0114_2018_140,13:07,55,0,food,Eat Chow,eating
0114_2018_140,13:08,58,0,food,Eat Chow,eating
0114_2018_140,13:09,65,0,food,Eat Chow,eating
0114_2018_140,13:10,62,0,food,Eat Chow,eating
0114_2018_140,13:11,66,0,food,Eat Chow,eating
0114_2018_140,13:12,64,0,food,Eat Chow,eating
0114_2018_140,13:13,65,0,food,Eat Chow,eating
0114_2018_140,13:14,66,0,food,Eat Chow,eating
0114_2018_140,13:15,64,0,food,Eat Chow,eating
0114_2018_140,13:16,62,0,food,Eat Chow,eating
0114_2018_140,13:17,66,0,food,Eat Chow,eating
0114_2018_140,13:18,67,0,food,Eat Chow,eating
0114_2018_140,13:19,62,0,food,Eat Chow,eating
0114_2018_140,13:20,62,0,food,Eat Chow,eating
0114_2018_140,13:21,66,0,food,Eat Chow,eating
0114_2018_140,13:22,64,0,food,Eat Chow,eating
0114_2018_140,13:23,67,0,food,Eat Chow,eating
0114_2018_140,13:24,68,0,food,Eat Chow,eating
0114_2018_140,13:25,69,0,food,Eat Chow,eating
0114_2018_140,13:26,70,0,food,Eat Chow,eating
0114_2018_140,13:27,66,0,food,Eat Chow,eating
0114_2018_140,13:28,62,0,food,Eat Chow,eating
0114_2018_140,13:29,66,0,food,Eat Chow,eating
0114_2018_140,13:30,68,0,food,Eat Chow,eating
0114_2018_140,13:31,69,0,food,Eat Chow,eating
0114_2018_140,13:32,67,0,food,Eat Chow,eating
0114_2018_140,13:33,66,0,food,Eat Chow,eating
0114_2018_140,13:34,65,0,food,Eat Chow,eating
0114_2018_140,13:35,62,0,food,Eat Chow,eating
0114_2018_140,13:36,64,0,food,Eat Chow,eating
0114_2018_140,13:37,67,0,food,Eat Chow,eating
0114_2018_140,13:38,68,0,food,Eat Chow,eating
0114_2018_140,13:39,69,0,food,Eat Chow,eating
0114_2018_140,13:40,66,0,food,Eat Chow,eating
0114_2018_140,13:41,62,0,food,Eat Chow,eating
0114_2018_140,13:42,64,0,food,Eat Chow,eating
0114_2018_140,13:43,64,0,food,Eat Chow,eating
0114_2018_140,13:44,63,0,food,Eat Chow,eating
0114_2018_140,13:45,66,0,food,Eat Chow,eating
0114_2018_140,13:46,61,0,food,Eat Chow,eating
0114_2018_140,13:47,62,0,food,Eat Chow,eating
0114_2018_140,13:48,61,0,food,Eat Chow,eating
0114_2018_140,13:49,67,0,food,Eat Chow,eating
0114_2018_140,13:50,68,0,food,Eat Chow,eating
0114_2018_140,13:51,66,0,food,Eat Chow,eating
0114_2018_140,13:52,68,0,food,Eat Chow,eating
0114_2018_140,13:53,68,0,food,Eat Chow,eating
0114_2018_140,13:54,68,0,food,Eat Chow,eating
0114_2018_140,13:55,67,0,food,Eat Chow,eating
0114_2018_140,13:56,66,0,food,Eat Chow,eating
0114_2018_140,13:57,71,0,food,Eat Chow,eating
0114_2018_140,13:58,67,27,food,Eat Chow,eating
0114_2018_140,13:59,73,10,food,Eat Chow,eating
0114_2018_140,14:00,68,47,food,Eat Chow,eating
0115_2018_189,16:21,66,0,food,Chan Chan,eating
0115_2018_189,16:22,63,7,food,Chan Chan,eating
0115_2018_189,16:23,68,0,food,Chan Chan,eating
0115_2018_189,16:24,65,0,food,Chan Chan,eating
0115_2018_189,16:25,59,0,food,Chan Chan,eating
0115_2018_189,16:26,62,0,food,Chan Chan,eating
0115_2018_189,16:27,61,0,food,Chan Chan,eating
0115_2018_189,16:28,60,0,food,Chan Chan,eating
0115_2018_189,16:29,60,0,food,Chan Chan,eating
0115_2018_189,16:30,58,0,food,Chan Chan,eating
0115_2018_189,16:31,60,0,food,Chan Chan,eating
0115_2018_189,16:32,61,0,food,Chan Chan,eating
0115_2018_189,16:33,60,0,food,Chan Chan,eating
0115_2018_189,16:34,62,0,food,Chan Chan,eating
0115_2018_189,16:35,62,0,food,Chan Chan,eating
0115_2018_189,16:36,66,0,food,Chan Chan,eating
0115_2018_189,16:37,66,0,food,Chan Chan,eating
0115_2018_189,16:38,66,0,food,Chan Chan,eating
0115_2018_189,16:39,66,0,food,Chan Chan,eating
0115_2018_189,16:40,66,0,food,Chan Chan,eating
0115_2018_189,16:41,75,0,food,Chan Chan,eating
0115_2018_189,16:42,77,0,food,Chan Chan,eating
0115_2018_189,16:43,79,0,food,Chan Chan,eating
0115_2018_189,16:44,74,0,food,Chan Chan,eating
0115_2018_189,16:45,74,0,food,Chan Chan,eating
0115_2018_189,16:46,74,0,food,Chan Chan,eating
0115_2018_189,16:47,78,0,food,Chan Chan,eating
0115_2018_189,16:48,82,0,food,Chan Chan,eating
0115_2018_189,16:49,81,0,food,Chan Chan,eating
0115_2018_189,16:50,75,0,food,Chan Chan,eating
0115_2018_189,16:51,78,0,food,Chan Chan,eating
0115_2018_189,16:52,78,0,food,Chan Chan,eating
0115_2018_189,16:53,74,0,food,Chan Chan,eating
0115_2018_189,16:54,71,0,food,Chan Chan,eating
0115_2018_189,16:55,76,0,food,Chan Chan,eating
0115_2018_189,16:56,79,0,food,Chan Chan,eating
0115_2018_189,16:57,79,0,food,Chan Chan,eating
0115_2018_189,16:58,75,0,food,Chan Chan,eating
0115_2018_189,16:59,76,0,food,Chan Chan,eating
0115_2018_189,17:00,77,0,food,Chan Chan,eating
0115_2018_189,17:01,81,0,food,Chan Chan,eating
0115_2018_189,17:02,75,0,food,Chan Chan,eating
0115_2018_189,17:03,76,9,food,Chan Chan,eating
0115_2018_189,17:04,73,82,food,Chan Chan,eating
0115_2018_189,17:05,80,0,food,Chan Chan,eating
0118_2018_122,11:01,64,0,cafe,Mimi's Cafe,eating
0118_2018_122,11:02,64,0,cafe,Mimi's Cafe,eating
0118_2018_122,11:03,65,0,cafe,Mimi's Cafe,eating
0118_2018_122,11:04,65,0,cafe,Mimi's Cafe,eating
0118_2018_122,11:05,63,13,cafe,Mimi's Cafe,eating
0118_2018_122,11:06,64,0,cafe,Mimi's Cafe,eating
0118_2018_122,11:07,64,0,cafe,Mimi's Cafe,eating
0118_2018_122,11:08,62,0,cafe,Mimi's Cafe,eating
0118_2018_122,11:09,62,0,cafe,Mimi's Cafe,eating
0118_2018_122,11:10,65,0,cafe,Mimi's Cafe,eating
0118_2018_122,11:11,61,0,cafe,Mimi's Cafe,eating
0118_2018_122,11:12,60,0,cafe,Mimi's Cafe,eating
0118_2018_122,11:13,62,0,cafe,Mimi's Cafe,eating
0118_2018_122,11:14,68,0,cafe,Mimi's Cafe,eating
0118_2018_122,11:15,67,0,cafe,Mimi's Cafe,eating
0118_2018_122,11:16,66,0,cafe,Mimi's Cafe,eating
0118_2018_122,11:17,64,0,cafe,Mimi's Cafe,eating
0118_2018_122,11:18,66,0,cafe,Mimi's Cafe,eating
0118_2018_122,11:19,68,0,cafe,Mimi's Cafe,eating
0118_2018_122,11:20,69,0,cafe,Mimi's Cafe,eating
0118_2018_122,11:21,71,0,cafe,Mimi's Cafe,eating
0118_2018_122,11:22,71,0,cafe,Mimi's Cafe,eating
0118_2018_122,11:23,71,0,cafe,Mimi's Cafe,eating
0118_2018_122,11:24,70,0,cafe,Mimi's Cafe,eating
0118_2018_122,11:25,66,0,cafe,Mimi's Cafe,eating
0118_2018_122,11:26,69,0,cafe,Mimi's Cafe,eating
0118_2018_122,11:27,68,0,cafe,Mimi's Cafe,eating
0118_2018_122,11:28,72,0,cafe,Mimi's Cafe,eating
0118_2018_122,11:29,71,0,cafe,Mimi's Cafe,eating
0118_2018_122,11:30,69,0,cafe,Mimi's Cafe,eating
0118_2018_122,11:31,67,5,cafe,Mimi's Cafe,eating
0118_2018_122,11:32,72,0,cafe,Mimi's Cafe,eating
0118_2018_122,11:33,68,0,cafe,Mimi's Cafe,eating
0118_2018_122,11:34,68,0,cafe,Mimi's Cafe,eating
0118_2018_122,11:35,74,0,cafe,Mimi's Cafe,eating
0118_2018_122,11:36,73,0,cafe,Mimi's Cafe,eating
0118_2018_122,11:37,71,0,cafe,Mimi's Cafe,eating
0118_2018_122,11:38,70,0,cafe,Mimi's Cafe,eating
0118_2018_122,11:39,68,0,cafe,Mimi's Cafe,eating
0118_2018_122,11:40,73,0,cafe,Mimi's Cafe,eating
0118_2018_122,11:41,71,0,cafe,Mimi's Cafe,eating
0118_2018_122,11:42,68,0,cafe,Mimi's Cafe,eating
0118_2018_122,11:43,69,0,cafe,Mimi's Cafe,eating
0118_2018_122,11:44,69,0,cafe,Mimi's Cafe,eating
0118_2018_122,11:45,71,0,cafe,Mimi's Cafe,eating
0118_2018_122,11:46,70,0,cafe,Mimi's Cafe,eating
0118_2018_122,11:47,67,0,cafe,Mimi's Cafe,eating
0118_2018_122,11:48,65,0,cafe,Mimi's Cafe,eating
0118_2018_122,11:49,64,0,cafe,Mimi's Cafe,eating
0118_2018_122,11:50,66,0,cafe,Mimi's Cafe,eating
0118_2018_122,11:51,66,0,cafe,Mimi's Cafe,eating
0118_2018_122,11:52,68,0,cafe,Mimi's Cafe,eating
0118_2018_122,11:53,66,0,cafe,Mimi's Cafe,eating
0118_2018_122,11:54,69,0,cafe,Mimi's Cafe,eating
0118_2018_122,11:55,66,0,cafe,Mimi's Cafe,eating
0118_2018_122,11:56,63,36,cafe,Mimi's Cafe,eating
0118_2018_122,11:57,67,0,cafe,Mimi's Cafe,eating
0118_2018_122,11:58,64,20,cafe,Mimi's Cafe,eating
0121_2018_177,15:59,60,7,food,Shabuya Los Angeles,eating
0121_2018_177,16:00,66,5,food,Shabuya Los Angeles,eating
0121_2018_177,16:01,69,18,food,Shabuya Los Angeles,eating
0121_2018_177,16:02,63,27,food,Shabuya Los Angeles,eating
0121_2018_177,16:03,64,21,food,Shabuya Los Angeles,eating
0121_2018_177,16:04,64,0,food,Shabuya Los Angeles,eating
0121_2018_177,16:05,66,8,food,Shabuya Los Angeles,eating
0121_2018_177,16:06,68,0,food,Shabuya Los Angeles,eating
0121_2018_177,16:07,67,0,food,Shabuya Los Angeles,eating
0121_2018_177,16:08,64,7,food,Shabuya Los Angeles,eating
0121_2018_177,16:09,67,0,food,Shabuya Los Angeles,eating
0121_2018_177,16:10,69,0,food,Shabuya Los Angeles,eating
0121_2018_177,16:11,67,0,food,Shabuya Los Angeles,eating
0121_2018_177,16:12,67,0,food,Shabuya Los Angeles,eating
0121_2018_177,16:13,66,0,food,Shabuya Los Angeles,eating
0121_2018_177,16:14,66,0,food,Shabuya Los Angeles,eating
0121_2018_177,16:15,68,0,food,Shabuya Los Angeles,eating
0121_2018_177,16:16,69,0,food,Shabuya Los Angeles,eating
0121_2018_177,16:17,68,0,food,Shabuya Los Angeles,eating
0121_2018_177,16:18,67,0,food,Shabuya Los Angeles,eating
0121_2018_177,16:19,67,0,food,Shabuya Los Angeles,eating
0121_2018_177,16:20,69,0,food,Shabuya Los Angeles,eating
0121_2018_177,16:21,70,0,food,Shabuya Los Angeles,eating
0121_2018_177,16:22,68,0,food,Shabuya Los Angeles,eating
0121_2018_177,16:23,68,0,food,Shabuya Los Angeles,eating
0121_2018_177,16:24,70,0,food,Shabuya Los Angeles,eating
0121_2018_177,16:25,71,0,food,Shabuya Los Angeles,eating
0121_2018_177,16:26,70,0,food,Shabuya Los Angeles,eating
0121_2018_177,16:27,67,0,food,Shabuya Los Angeles,eating
0121_2018_177,16:28,68,0,food,Shabuya Los Angeles,eating
0121_2018_177,16:29,70,0,food,Shabuya Los Angeles,eating
0121_2018_177,16:30,72,10,food,Shabuya Los Angeles,eating
0121_2018_177,16:31,70,0,food,Shabuya Los Angeles,eating
0121_2018_177,16:32,70,0,food,Shabuya Los Angeles,eating
0121_2018_177,16:33,67,0,food,Shabuya Los Angeles,eating
0121_2018_177,16:34,66,33,food,Shabuya Los Angeles,eating
0121_2018_177,16:35,67,8,food,Shabuya Los Angeles,eating
0121_2018_177,16:36,77,7,food,Shabuya Los Angeles,eating
0121_2018_177,16:37,75,0,food,Shabuya Los Angeles,eating
0121_2018_177,16:38,70,0,food,Shabuya Los Angeles,eating
0121_2018_177,16:39,70,8,food,Shabuya Los Angeles,eating
0121_2018_177,16:40,72,0,food,Shabuya Los Angeles,eating
0121_2018_177,16:41,70,0,food,Shabuya Los Angeles,eating
0121_2018_177,16:42,71,0,food,Shabuya Los Angeles,eating
0121_2018_177,16:43,70,0,food,Shabuya Los Angeles,eating
0121_2018_177,16:44,68,0,food,Shabuya Los Angeles,eating
0121_2018_177,16:45,71,0,food,Shabuya Los Angeles,eating
0121_2018_177,16:46,70,0,food,Shabuya Los Angeles,eating
0121_2018_177,16:47,67,0,food,Shabuya Los Angeles,eating
0121_2018_177,16:48,64,0,food,Shabuya Los Angeles,eating
0121_2018_177,16:49,70,0,food,Shabuya Los Angeles,eating
0121_2018_177,16:50,70,0,food,Shabuya Los Angeles,eating
0121_2018_177,16:51,69,0,food,Shabuya Los Angeles,eating
0121_2018_177,16:52,70,0,food,Shabuya Los Angeles,eating
0121_2018_177,16:53,70,0,food,Shabuya Los Angeles,eating
0121_2018_177,16:54,68,0,food,Shabuya Los Angeles,eating
0121_2018_177,16:55,68,0,food,Shabuya Los Angeles,eating
0121_2018_177,16:56,70,0,food,Shabuya Los Angeles,eating
0121_2018_177,16:57,71,19,food,Shabuya Los Angeles,eating
0121_2018_177,16:58,73,0,food,Shabuya Los Angeles,eating
0121_2018_177,16:59,72,0,food,Shabuya Los Angeles,eating
0121_2018_177,17:00,78,0,food,Shabuya Los Angeles,eating
0121_2018_177,17:01,79,0,food,Shabuya Los Angeles,eating
0121_2018_177,17:02,76,0,food,Shabuya Los Angeles,eating
0121_2018_177,17:03,69,0,food,Shabuya Los Angeles,eating
0121_2018_177,17:04,68,0,food,Shabuya Los Angeles,eating
0121_2018_177,17:05,71,0,food,Shabuya Los Angeles,eating
0121_2018_177,17:06,73,0,food,Shabuya Los Angeles,eating
0121_2018_177,17:07,72,0,food,Shabuya Los Angeles,eating
0121_2018_177,17:08,72,21,food,Shabuya Los Angeles,eating
0121_2018_177,17:09,80,8,food,Shabuya Los Angeles,eating
0121_2018_177,17:10,72,7,food,Shabuya Los Angeles,eating
0121_2018_177,17:11,68,36,food,Shabuya Los Angeles,eating
0121_2018_177,17:12,63,0,food,Shabuya Los Angeles,eating
0121_2018_177,17:13,62,0,food,Shabuya Los Angeles,eating
0121_2018_177,17:14,66,0,food,Shabuya Los Angeles,eating
0121_2018_177,17:15,67,0,food,Shabuya Los Angeles,eating
0121_2018_177,17:16,65,0,food,Shabuya Los Angeles,eating
0121_2018_177,17:17,66,0,food,Shabuya Los Angeles,eating
0121_2018_177,17:18,67,7,food,Shabuya Los Angeles,eating
0125_2018_141,11:42,64,0,food,Imari,eating
0125_2018_141,11:43,58,0,food,Imari,eating
0125_2018_141,11:44,60,13,food,Imari,eating
0125_2018_141,11:45,62,0,food,Imari,eating
0125_2018_141,11:46,62,0,food,Imari,eating
0125_2018_141,11:47,62,0,food,Imari,eating
0125_2018_141,11:48,62,0,food,Imari,eating
0125_2018_141,11:49,63,0,food,Imari,eating
0125_2018_141,11:50,65,0,food,Imari,eating
0125_2018_141,11:51,68,0,food,Imari,eating
0125_2018_141,11:52,73,0,food,Imari,eating
0125_2018_141,11:53,74,0,food,Imari,eating
0125_2018_141,11:54,73,0,food,Imari,eating
0125_2018_141,11:55,72,0,food,Imari,eating
0125_2018_141,11:56,71,0,food,Imari,eating
0125_2018_141,11:57,68,0,food,Imari,eating
0125_2018_141,11:58,67,0,food,Imari,eating
0125_2018_141,11:59,68,0,food,Imari,eating
0125_2018_141,12:00,68,0,food,Imari,eating
0125_2018_141,12:01,65,0,food,Imari,eating
0125_2018_141,12:02,69,0,food,Imari,eating
0125_2018_141,12:03,71,0,food,Imari,eating
0125_2018_141,12:04,74,0,food,Imari,eating
0125_2018_141,12:05,76,0,food,Imari,eating
0125_2018_141,12:06,71,0,food,Imari,eating
0125_2018_141,12:07,72,0,food,Imari,eating
0125_2018_141,12:08,67,0,food,Imari,eating
0125_2018_141,12:09,74,0,food,Imari,eating
0125_2018_141,12:10,76,0,food,Imari,eating
0125_2018_141,12:11,76,0,food,Imari,eating
0125_2018_141,12:12,74,0,food,Imari,eating
0125_2018_141,12:13,73,0,food,Imari,eating
0125_2018_141,12:14,73,0,food,Imari,eating
0125_2018_141,12:15,70,0,food,Imari,eating
0125_2018_141,12:16,69,0,food,Imari,eating
0125_2018_141,12:17,71,65,food,Imari,eating
0125_2018_141,12:18,71,9,food,Imari,eating
0125_2018_141,12:19,69,0,food,Imari,eating
0125_2018_141,12:20,62,0,food,Imari,eating
0126_2018_218,19:28,55,0,food,Benihana,eating
0126_2018_218,19:29,55,0,food,Benihana,eating
0126_2018_218,19:30,58,7,food,Benihana,eating
0126_2018_218,19:31,59,0,food,Benihana,eating
0126_2018_218,19:32,58,0,food,Benihana,eating
0126_2018_218,19:33,59,8,food,Benihana,eating
0126_2018_218,19:34,60,0,food,Benihana,eating
0126_2018_218,19:35,59,0,food,Benihana,eating
0126_2018_218,19:36,58,0,food,Benihana,eating
0126_2018_218,19:37,57,0,food,Benihana,eating
0126_2018_218,19:38,56,0,food,Benihana,eating
0126_2018_218,19:39,61,0,food,Benihana,eating
0126_2018_218,19:40,62,0,food,Benihana,eating
0126_2018_218,19:41,60,0,food,Benihana,eating
0126_2018_218,19:42,58,0,food,Benihana,eating
0126_2018_218,19:43,58,0,food,Benihana,eating
0126_2018_218,19:44,57,0,food,Benihana,eating
0126_2018_218,19:45,61,0,food,Benihana,eating
0126_2018_218,19:46,66,0,food,Benihana,eating
0126_2018_218,19:47,63,0,food,Benihana,eating
0126_2018_218,19:48,62,0,food,Benihana,eating
0126_2018_218,19:49,63,0,food,Benihana,eating
0126_2018_218,19:50,64,0,food,Benihana,eating
0126_2018_218,19:51,63,0,food,Benihana,eating
0126_2018_218,19:52,63,0,food,Benihana,eating
0126_2018_218,19:53,62,0,food,Benihana,eating
0126_2018_218,19:54,60,0,food,Benihana,eating
0126_2018_218,19:55,58,0,food,Benihana,eating
0126_2018_218,19:56,58,0,food,Benihana,eating
0126_2018_218,19:57,54,0,food,Benihana,eating
0126_2018_218,19:58,54,0,food,Benihana,eating
0126_2018_218,19:59,62,9,food,Benihana,eating
0126_2018_218,20:00,64,0,food,Benihana,eating
0126_2018_218,20:01,58,0,food,Benihana,eating
0126_2018_218,20:02,58,0,food,Benihana,eating
0126_2018_218,20:03,56,0,food,Benihana,eating
0126_2018_218,20:04,62,0,food,Benihana,eating
0126_2018_218,20:05,59,0,food,Benihana,eating
0126_2018_218,20:06,61,0,food,Benihana,eating
0126_2018_218,20:07,59,0,food,Benihana,eating
0126_2018_218,20:08,58,0,food,Benihana,eating
0126_2018_218,20:09,61,0,food,Benihana,eating
0126_2018_218,20:10,61,0,food,Benihana,eating
0126_2018_218,20:11,59,0,food,Benihana,eating
0126_2018_218,20:12,58,0,food,Benihana,eating
0126_2018_218,20:13,61,0,food,Benihana,eating
0126_2018_218,20:14,62,0,food,Benihana,eating
0126_2018_218,20:15,66,0,food,Benihana,eating
0126_2018_218,20:16,67,0,food,Benihana,eating
0126_2018_218,20:17,62,0,food,Benihana,eating
0126_2018_218,20:18,61,0,food,Benihana,eating
0126_2018_218,20:19,65,0,food,Benihana,eating
0126_2018_218,20:20,66,0,food,Benihana,eating
0126_2018_218,20:21,68,0,food,Benihana,eating
0126_2018_218,20:22,64,0,food,Benihana,eating
0126_2018_218,20:23,64,0,food,Benihana,eating
0126_2018_218,20:24,66,0,food,Benihana,eating
0126_2018_218,20:25,65,0,food,Benihana,eating
0126_2018_218,20:26,65,0,food,Benihana,eating
0126_2018_218,20:27,65,0,food,Benihana,eating
0126_2018_218,20:28,67,0,food,Benihana,eating
0126_2018_218,20:29,67,0,food,Benihana,eating
0126_2018_218,20:30,65,0,food,Benihana,eating
0126_2018_218,20:31,70,0,food,Benihana,eating
0126_2018_218,20:32,72,0,food,Benihana,eating
0126_2018_218,20:33,72,0,food,Benihana,eating
0126_2018_218,20:34,70,0,food,Benihana,eating
0126_2018_218,20:35,68,0,food,Benihana,eating
0126_2018_218,20:36,69,0,food,Benihana,eating
0126_2018_218,20:37,68,0,food,Benihana,eating
0126_2018_218,20:38,69,0,food,Benihana,eating
0126_2018_218,20:39,73,0,food,Benihana,eating
0126_2018_218,20:40,68,0,food,Benihana,eating
0126_2018_218,20:41,72,0,food,Benihana,eating
0126_2018_218,20:42,78,0,food,Benihana,eating
0126_2018_218,20:43,78,0,food,Benihana,eating
0126_2018_218,20:44,79,0,food,Benihana,eating
0126_2018_218,20:45,78,0,food,Benihana,eating
0126_2018_218,20:46,76,0,food,Benihana,eating
0126_2018_218,20:47,74,0,food,Benihana,eating
0126_2018_218,20:48,78,0,food,Benihana,eating
0126_2018_218,20:49,74,0,food,Benihana,eating
0126_2018_218,20:50,74,0,food,Benihana,eating
0126_2018_218,20:51,76,32,food,Benihana,eating
0126_2018_218,20:52,85,99,food,Benihana,eating
0202_2018_215,18:30,65,0,food,HiroNori Craft Ramen,eating
0202_2018_215,18:31,66,6,food,HiroNori Craft Ramen,eating
0202_2018_215,18:32,69,0,food,HiroNori Craft Ramen,eating
0202_2018_215,18:33,58,0,food,HiroNori Craft Ramen,eating
0202_2018_215,18:34,56,12,food,HiroNori Craft Ramen,eating
0202_2018_215,18:35,66,1,food,HiroNori Craft Ramen,eating
0202_2018_215,18:36,63,0,food,HiroNori Craft Ramen,eating
0202_2018_215,18:37,59,0,food,HiroNori Craft Ramen,eating
0202_2018_215,18:38,59,0,food,HiroNori Craft Ramen,eating
0202_2018_215,18:39,59,4,food,HiroNori Craft Ramen,eating
0202_2018_215,18:40,64,0,food,HiroNori Craft Ramen,eating
0202_2018_215,18:41,70,70,food,HiroNori Craft Ramen,eating
0202_2018_215,18:42,77,47,food,HiroNori Craft Ramen,eating
0202_2018_215,18:43,72,0,food,HiroNori Craft Ramen,eating
0202_2018_215,18:44,72,7,food,HiroNori Craft Ramen,eating
0202_2018_215,18:45,66,10,food,HiroNori Craft Ramen,eating
0202_2018_215,18:46,71,0,food,HiroNori Craft Ramen,eating
0202_2018_215,18:47,68,0,food,HiroNori Craft Ramen,eating
0202_2018_215,18:48,64,0,food,HiroNori Craft Ramen,eating
0202_2018_215,18:49,67,0,food,HiroNori Craft Ramen,eating
0202_2018_215,18:50,73,8,food,HiroNori Craft Ramen,eating
0202_2018_215,18:51,74,0,food,HiroNori Craft Ramen,eating
0202_2018_215,18:52,71,0,food,HiroNori Craft Ramen,eating
0202_2018_215,18:53,67,0,food,HiroNori Craft Ramen,eating
0202_2018_215,18:54,66,0,food,HiroNori Craft Ramen,eating
0202_2018_215,18:55,66,6,food,HiroNori Craft Ramen,eating
0202_2018_215,18:56,68,0,food,HiroNori Craft Ramen,eating
0202_2018_215,18:57,69,0,food,HiroNori Craft Ramen,eating
0202_2018_215,18:58,70,13,food,HiroNori Craft Ramen,eating
0202_2018_215,18:59,72,0,food,HiroNori Craft Ramen,eating
0202_2018_215,19:00,69,0,food,HiroNori Craft Ramen,eating
0202_2018_215,19:01,66,0,food,HiroNori Craft Ramen,eating
0202_2018_215,19:02,67,0,food,HiroNori Craft Ramen,eating
0202_2018_215,19:03,68,0,food,HiroNori Craft Ramen,eating
0202_2018_215,19:04,71,13,food,HiroNori Craft Ramen,eating
0202_2018_215,19:05,68,0,food,HiroNori Craft Ramen,eating
0202_2018_215,19:06,67,10,food,HiroNori Craft Ramen,eating
0202_2018_215,19:07,76,19,food,HiroNori Craft Ramen,eating
0202_2018_215,19:08,81,0,food,HiroNori Craft Ramen,eating
0202_2018_215,19:09,79,0,food,HiroNori Craft Ramen,eating
0202_2018_215,19:10,72,0,food,HiroNori Craft Ramen,eating
0202_2018_215,19:11,69,0,food,HiroNori Craft Ramen,eating
0202_2018_215,19:12,70,37,food,HiroNori Craft Ramen,eating
0202_2018_215,19:13,86,94,food,HiroNori Craft Ramen,eating
0202_2018_215,19:14,94,5,food,HiroNori Craft Ramen,eating
0209_2018_223,19:33,73,0,food,Halves Boiling Pot + Grill 圮技_嫂洎,eating
0209_2018_223,19:34,70,0,food,Halves Boiling Pot + Grill 圮技_嫂洎,eating
0209_2018_223,19:35,64,0,food,Halves Boiling Pot + Grill 圮技_嫂洎,eating
0209_2018_223,19:36,61,0,food,Halves Boiling Pot + Grill 圮技_嫂洎,eating
0209_2018_223,19:37,62,9,food,Halves Boiling Pot + Grill 圮技_嫂洎,eating
0209_2018_223,19:38,62,0,food,Halves Boiling Pot + Grill 圮技_嫂洎,eating
0209_2018_223,19:39,63,0,food,Halves Boiling Pot + Grill 圮技_嫂洎,eating
0209_2018_223,19:40,64,0,food,Halves Boiling Pot + Grill 圮技_嫂洎,eating
0209_2018_223,19:41,63,8,food,Halves Boiling Pot + Grill 圮技_嫂洎,eating
0209_2018_223,19:42,66,3,food,Halves Boiling Pot + Grill 圮技_嫂洎,eating
0209_2018_223,19:43,59,0,food,Halves Boiling Pot + Grill 圮技_嫂洎,eating
0209_2018_223,19:44,61,0,food,Halves Boiling Pot + Grill 圮技_嫂洎,eating
0209_2018_223,19:45,62,0,food,Halves Boiling Pot + Grill 圮技_嫂洎,eating
0209_2018_223,19:46,62,0,food,Halves Boiling Pot + Grill 圮技_嫂洎,eating
0209_2018_223,19:47,67,0,food,Halves Boiling Pot + Grill 圮技_嫂洎,eating
0209_2018_223,19:48,71,14,food,Halves Boiling Pot + Grill 圮技_嫂洎,eating
0209_2018_223,19:49,72,16,food,Halves Boiling Pot + Grill 圮技_嫂洎,eating
0209_2018_223,19:50,71,10,food,Halves Boiling Pot + Grill 圮技_嫂洎,eating
0209_2018_223,19:51,72,0,food,Halves Boiling Pot + Grill 圮技_嫂洎,eating
0209_2018_223,19:52,78,0,food,Halves Boiling Pot + Grill 圮技_嫂洎,eating
0209_2018_223,19:53,79,29,food,Halves Boiling Pot + Grill 圮技_嫂洎,eating
0209_2018_223,19:54,80,11,food,Halves Boiling Pot + Grill 圮技_嫂洎,eating
0209_2018_223,19:55,81,17,food,Halves Boiling Pot + Grill 圮技_嫂洎,eating
0209_2018_223,19:56,78,3,food,Halves Boiling Pot + Grill 圮技_嫂洎,eating
0209_2018_223,19:57,80,0,food,Halves Boiling Pot + Grill 圮技_嫂洎,eating
0209_2018_223,19:58,86,11,food,Halves Boiling Pot + Grill 圮技_嫂洎,eating
0209_2018_223,19:59,85,10,food,Halves Boiling Pot + Grill 圮技_嫂洎,eating
0209_2018_223,20:00,82,9,food,Halves Boiling Pot + Grill 圮技_嫂洎,eating
0209_2018_223,20:01,82,0,food,Halves Boiling Pot + Grill 圮技_嫂洎,eating
0209_2018_223,20:02,76,0,food,Halves Boiling Pot + Grill 圮技_嫂洎,eating
0209_2018_223,20:03,77,0,food,Halves Boiling Pot + Grill 圮技_嫂洎,eating
0209_2018_223,20:04,79,0,food,Halves Boiling Pot + Grill 圮技_嫂洎,eating
0209_2018_223,20:05,80,0,food,Halves Boiling Pot + Grill 圮技_嫂洎,eating
0209_2018_223,20:06,79,0,food,Halves Boiling Pot + Grill 圮技_嫂洎,eating
0209_2018_223,20:07,77,0,food,Halves Boiling Pot + Grill 圮技_嫂洎,eating
0209_2018_223,20:08,87,0,food,Halves Boiling Pot + Grill 圮技_嫂洎,eating
0209_2018_223,20:09,86,19,food,Halves Boiling Pot + Grill 圮技_嫂洎,eating
0209_2018_223,20:10,88,0,food,Halves Boiling Pot + Grill 圮技_嫂洎,eating
0209_2018_223,20:11,95,0,food,Halves Boiling Pot + Grill 圮技_嫂洎,eating
0209_2018_223,20:12,93,7,food,Halves Boiling Pot + Grill 圮技_嫂洎,eating
0209_2018_223,20:13,96,26,food,Halves Boiling Pot + Grill 圮技_嫂洎,eating
0209_2018_223,20:14,94,12,food,Halves Boiling Pot + Grill 圮技_嫂洎,eating
0209_2018_223,20:15,95,0,food,Halves Boiling Pot + Grill 圮技_嫂洎,eating
0209_2018_223,20:16,94,0,food,Halves Boiling Pot + Grill 圮技_嫂洎,eating
0209_2018_223,20:17,95,0,food,Halves Boiling Pot + Grill 圮技_嫂洎,eating
0209_2018_223,20:18,90,0,food,Halves Boiling Pot + Grill 圮技_嫂洎,eating
0209_2018_223,20:19,90,0,food,Halves Boiling Pot + Grill 圮技_嫂洎,eating
0209_2018_223,20:20,97,0,food,Halves Boiling Pot + Grill 圮技_嫂洎,eating
0209_2018_223,20:21,96,0,food,Halves Boiling Pot + Grill 圮技_嫂洎,eating
0209_2018_223,20:22,98,0,food,Halves Boiling Pot + Grill 圮技_嫂洎,eating
0209_2018_223,20:23,101,0,food,Halves Boiling Pot + Grill 圮技_嫂洎,eating
0209_2018_223,20:24,109,0,food,Halves Boiling Pot + Grill 圮技_嫂洎,eating
0209_2018_223,20:25,107,0,food,Halves Boiling Pot + Grill 圮技_嫂洎,eating
0209_2018_223,20:26,100,14,food,Halves Boiling Pot + Grill 圮技_嫂洎,eating
0209_2018_223,20:27,100,0,food,Halves Boiling Pot + Grill 圮技_嫂洎,eating
0209_2018_223,20:28,91,0,food,Halves Boiling Pot + Grill 圮技_嫂洎,eating
0209_2018_223,20:29,82,0,food,Halves Boiling Pot + Grill 圮技_嫂洎,eating
0209_2018_223,20:30,84,0,food,Halves Boiling Pot + Grill 圮技_嫂洎,eating
0209_2018_223,20:31,85,0,food,Halves Boiling Pot + Grill 圮技_嫂洎,eating
0209_2018_223,20:32,90,0,food,Halves Boiling Pot + Grill 圮技_嫂洎,eating
0209_2018_223,20:33,100,0,food,Halves Boiling Pot + Grill 圮技_嫂洎,eating
0209_2018_223,20:34,105,0,food,Halves Boiling Pot + Grill 圮技_嫂洎,eating
0209_2018_223,20:35,94,0,food,Halves Boiling Pot + Grill 圮技_嫂洎,eating
0209_2018_223,20:36,103,0,food,Halves Boiling Pot + Grill 圮技_嫂洎,eating
0209_2018_223,20:37,103,15,food,Halves Boiling Pot + Grill 圮技_嫂洎,eating
0214_2018_225,19:33,65,0,bar,Alessa by Pirozzi,eating
0214_2018_225,19:34,65,0,bar,Alessa by Pirozzi,eating
0214_2018_225,19:35,62,0,bar,Alessa by Pirozzi,eating
0214_2018_225,19:36,62,0,bar,Alessa by Pirozzi,eating
0214_2018_225,19:37,61,0,bar,Alessa by Pirozzi,eating
0214_2018_225,19:38,61,0,bar,Alessa by Pirozzi,eating
0214_2018_225,19:39,61,0,bar,Alessa by Pirozzi,eating
0214_2018_225,19:40,60,13,bar,Alessa by Pirozzi,eating
0214_2018_225,19:41,63,0,bar,Alessa by Pirozzi,eating
0214_2018_225,19:42,64,0,bar,Alessa by Pirozzi,eating
0214_2018_225,19:43,65,0,bar,Alessa by Pirozzi,eating
0214_2018_225,19:44,66,0,bar,Alessa by Pirozzi,eating
0214_2018_225,19:45,68,0,bar,Alessa by Pirozzi,eating
0214_2018_225,19:46,62,0,bar,Alessa by Pirozzi,eating
0214_2018_225,19:47,61,0,bar,Alessa by Pirozzi,eating
0214_2018_225,19:48,61,0,bar,Alessa by Pirozzi,eating
0214_2018_225,19:49,63,0,bar,Alessa by Pirozzi,eating
0214_2018_225,19:50,59,0,bar,Alessa by Pirozzi,eating
0214_2018_225,19:51,57,0,bar,Alessa by Pirozzi,eating
0214_2018_225,19:52,60,0,bar,Alessa by Pirozzi,eating
0214_2018_225,19:53,60,0,bar,Alessa by Pirozzi,eating
0214_2018_225,19:54,62,0,bar,Alessa by Pirozzi,eating
0214_2018_225,19:55,64,0,bar,Alessa by Pirozzi,eating
0214_2018_225,19:56,64,0,bar,Alessa by Pirozzi,eating
0214_2018_225,19:57,68,0,bar,Alessa by Pirozzi,eating
0214_2018_225,19:58,76,0,bar,Alessa by Pirozzi,eating
0214_2018_225,19:59,75,0,bar,Alessa by Pirozzi,eating
0214_2018_225,20:00,74,0,bar,Alessa by Pirozzi,eating
0214_2018_225,20:01,76,0,bar,Alessa by Pirozzi,eating
0214_2018_225,20:02,79,0,bar,Alessa by Pirozzi,eating
0214_2018_225,20:03,75,0,bar,Alessa by Pirozzi,eating
0214_2018_225,20:04,73,0,bar,Alessa by Pirozzi,eating
0214_2018_225,20:05,71,0,bar,Alessa by Pirozzi,eating
0214_2018_225,20:06,68,0,bar,Alessa by Pirozzi,eating
0214_2018_225,20:07,72,0,bar,Alessa by Pirozzi,eating
0214_2018_225,20:08,71,0,bar,Alessa by Pirozzi,eating
0214_2018_225,20:09,73,0,bar,Alessa by Pirozzi,eating
0214_2018_225,20:10,75,0,bar,Alessa by Pirozzi,eating
0214_2018_225,20:11,74,0,bar,Alessa by Pirozzi,eating
0214_2018_225,20:12,73,0,bar,Alessa by Pirozzi,eating
0214_2018_225,20:13,76,0,bar,Alessa by Pirozzi,eating
0214_2018_225,20:14,76,0,bar,Alessa by Pirozzi,eating
0214_2018_225,20:15,76,0,bar,Alessa by Pirozzi,eating
0214_2018_225,20:16,74,0,bar,Alessa by Pirozzi,eating
0214_2018_225,20:17,76,0,bar,Alessa by Pirozzi,eating
0214_2018_225,20:18,75,0,bar,Alessa by Pirozzi,eating
0214_2018_225,20:19,82,0,bar,Alessa by Pirozzi,eating
0214_2018_225,20:20,91,0,bar,Alessa by Pirozzi,eating
0214_2018_225,20:21,89,0,bar,Alessa by Pirozzi,eating
0214_2018_225,20:22,84,0,bar,Alessa by Pirozzi,eating
0214_2018_225,20:23,88,0,bar,Alessa by Pirozzi,eating
0214_2018_225,20:24,82,0,bar,Alessa by Pirozzi,eating
0214_2018_225,20:25,80,0,bar,Alessa by Pirozzi,eating
0214_2018_225,20:26,79,0,bar,Alessa by Pirozzi,eating
0214_2018_225,20:27,79,0,bar,Alessa by Pirozzi,eating
0219_2018_141,12:53,65,0,food,Shabuya,eating
0219_2018_141,12:54,63,0,food,Shabuya,eating
0219_2018_141,12:55,63,0,food,Shabuya,eating
0219_2018_141,12:56,64,0,food,Shabuya,eating
0219_2018_141,12:57,63,0,food,Shabuya,eating
0219_2018_141,12:58,64,0,food,Shabuya,eating
0219_2018_141,12:59,66,9,food,Shabuya,eating
0219_2018_141,13:00,68,0,food,Shabuya,eating
0219_2018_141,13:01,67,13,food,Shabuya,eating
0219_2018_141,13:02,67,0,food,Shabuya,eating
0219_2018_141,13:03,65,0,food,Shabuya,eating
0219_2018_141,13:04,65,0,food,Shabuya,eating
0219_2018_141,13:05,65,12,food,Shabuya,eating
0219_2018_141,13:06,64,0,food,Shabuya,eating
0219_2018_141,13:07,63,0,food,Shabuya,eating
0219_2018_141,13:08,65,0,food,Shabuya,eating
0219_2018_141,13:09,65,0,food,Shabuya,eating
0219_2018_141,13:10,65,0,food,Shabuya,eating
0219_2018_141,13:11,66,0,food,Shabuya,eating
0219_2018_141,13:12,67,14,food,Shabuya,eating
0219_2018_141,13:13,67,0,food,Shabuya,eating
0219_2018_141,13:14,67,10,food,Shabuya,eating
0219_2018_141,13:15,71,39,food,Shabuya,eating
0219_2018_141,13:16,77,34,food,Shabuya,eating
0219_2018_141,13:17,73,6,food,Shabuya,eating
0219_2018_141,13:18,64,0,food,Shabuya,eating
0219_2018_141,13:19,65,0,food,Shabuya,eating
0219_2018_141,13:20,70,0,food,Shabuya,eating
0219_2018_141,13:21,68,0,food,Shabuya,eating
0219_2018_141,13:22,65,0,food,Shabuya,eating
0219_2018_141,13:23,67,0,food,Shabuya,eating
0219_2018_141,13:24,71,0,food,Shabuya,eating
0219_2018_141,13:25,68,0,food,Shabuya,eating
0219_2018_141,13:26,67,0,food,Shabuya,eating
0219_2018_141,13:27,69,0,food,Shabuya,eating
0219_2018_141,13:28,69,0,food,Shabuya,eating
0219_2018_141,13:29,66,0,food,Shabuya,eating
0219_2018_141,13:30,63,0,food,Shabuya,eating
0219_2018_141,13:31,66,0,food,Shabuya,eating
0219_2018_141,13:32,64,0,food,Shabuya,eating
0219_2018_141,13:33,62,0,food,Shabuya,eating
0219_2018_141,13:34,63,0,food,Shabuya,eating
0219_2018_141,13:35,62,0,food,Shabuya,eating
0219_2018_141,13:36,63,0,food,Shabuya,eating
0219_2018_141,13:37,72,0,food,Shabuya,eating
0219_2018_141,13:38,67,0,food,Shabuya,eating
0219_2018_141,13:39,69,62,food,Shabuya,eating
0219_2018_141,13:40,79,0,food,Shabuya,eating
0219_2018_141,13:41,70,0,food,Shabuya,eating
0219_2018_141,13:42,65,0,food,Shabuya,eating
0219_2018_141,13:43,63,0,food,Shabuya,eating
0219_2018_141,13:44,60,0,food,Shabuya,eating
0219_2018_141,13:45,64,0,food,Shabuya,eating
0219_2018_141,13:46,65,0,food,Shabuya,eating
0219_2018_141,13:47,67,0,food,Shabuya,eating
0219_2018_141,13:48,68,0,food,Shabuya,eating
0219_2018_141,13:49,69,0,food,Shabuya,eating
0219_2018_141,13:50,65,0,food,Shabuya,eating
0219_2018_141,13:51,64,0,food,Shabuya,eating
0219_2018_141,13:52,64,0,food,Shabuya,eating
0219_2018_141,13:53,67,0,food,Shabuya,eating
0219_2018_141,13:54,68,0,food,Shabuya,eating
0219_2018_141,13:55,71,0,food,Shabuya,eating
0219_2018_141,13:56,71,0,food,Shabuya,eating
0219_2018_141,13:57,72,0,food,Shabuya,eating
0219_2018_141,13:58,70,0,food,Shabuya,eating
0219_2018_141,13:59,66,0,food,Shabuya,eating
0219_2018_141,14:00,68,0,food,Shabuya,eating
0219_2018_141,14:01,68,6,food,Shabuya,eating
0219_2018_141,14:02,66,0,food,Shabuya,eating
0219_2018_141,14:03,68,0,food,Shabuya,eating
0219_2018_141,14:04,73,0,food,Shabuya,eating
0219_2018_141,14:05,75,0,food,Shabuya,eating
0219_2018_141,14:06,74,36,food,Shabuya,eating
0219_2018_141,14:07,83,89,food,Shabuya,eating
0219_2018_168,14:45,87,9,cafe,Dripp,eating
0219_2018_168,14:46,89,10,cafe,Dripp,eating
0219_2018_168,14:47,94,0,cafe,Dripp,eating
0219_2018_168,14:48,92,0,cafe,Dripp,eating
0219_2018_168,14:49,78,0,cafe,Dripp,eating
0219_2018_168,14:50,72,58,cafe,Dripp,eating
0219_2018_168,14:51,71,58,cafe,Dripp,eating
0219_2018_168,14:52,69,0,cafe,Dripp,eating
0219_2018_168,14:53,73,0,cafe,Dripp,eating
0219_2018_168,14:54,73,0,cafe,Dripp,eating
0219_2018_168,14:55,75,0,cafe,Dripp,eating
0219_2018_168,14:56,74,0,cafe,Dripp,eating
0219_2018_168,14:57,72,0,cafe,Dripp,eating
0219_2018_168,14:58,71,0,cafe,Dripp,eating
0219_2018_168,14:59,69,0,cafe,Dripp,eating
0219_2018_168,15:00,71,0,cafe,Dripp,eating
0219_2018_168,15:01,70,0,cafe,Dripp,eating
0219_2018_168,15:02,70,0,cafe,Dripp,eating
0219_2018_168,15:03,70,0,cafe,Dripp,eating
0219_2018_168,15:04,72,0,cafe,Dripp,eating
0219_2018_168,15:05,70,0,cafe,Dripp,eating
0219_2018_168,15:06,65,8,cafe,Dripp,eating
0219_2018_168,15:07,69,0,cafe,Dripp,eating
0219_2018_168,15:08,72,0,cafe,Dripp,eating
0219_2018_168,15:09,69,0,cafe,Dripp,eating
0219_2018_168,15:10,67,0,cafe,Dripp,eating
0219_2018_168,15:11,68,0,cafe,Dripp,eating
0219_2018_168,15:12,69,0,cafe,Dripp,eating
0219_2018_168,15:13,65,0,cafe,Dripp,eating
0219_2018_168,15:14,64,48,cafe,Dripp,eating
0219_2018_168,15:15,81,0,cafe,Dripp,eating
0219_2018_168,15:16,88,48,cafe,Dripp,eating
0219_2018_168,15:17,98,0,cafe,Dripp,eating
0219_2018_168,15:18,97,0,cafe,Dripp,eating
0219_2018_168,15:19,94,0,cafe,Dripp,eating
0219_2018_168,15:20,97,0,cafe,Dripp,eating
0219_2018_168,15:21,92,0,cafe,Dripp,eating
0219_2018_168,15:22,94,0,cafe,Dripp,eating
0219_2018_168,15:23,97,0,cafe,Dripp,eating
0219_2018_168,15:24,101,0,cafe,Dripp,eating
0219_2018_168,15:25,96,11,cafe,Dripp,eating
0219_2018_168,15:26,89,43,cafe,Dripp,eating
0219_2018_168,15:27,104,19,cafe,Dripp,eating
0219_2018_168,15:28,107,0,cafe,Dripp,eating
0219_2018_168,15:29,74,0,cafe,Dripp,eating
0219_2018_168,15:30,63,0,cafe,Dripp,eating
0219_2018_168,15:31,65,0,cafe,Dripp,eating
0219_2018_168,15:32,67,0,cafe,Dripp,eating
0219_2018_168,15:33,64,0,cafe,Dripp,eating
0219_2018_168,15:34,62,0,cafe,Dripp,eating
0219_2018_168,15:35,63,7,cafe,Dripp,eating
0219_2018_168,15:36,68,20,cafe,Dripp,eating
0219_2018_168,15:37,75,17,cafe,Dripp,eating
0219_2018_168,15:38,68,0,cafe,Dripp,eating
0219_2018_168,15:39,61,0,cafe,Dripp,eating
0223_2018_156,13:39,63,0,food,Golden China Restaurant,eating
0223_2018_156,13:40,63,0,food,Golden China Restaurant,eating
0223_2018_156,13:41,63,0,food,Golden China Restaurant,eating
0223_2018_156,13:42,62,0,food,Golden China Restaurant,eating
0223_2018_156,13:43,64,0,food,Golden China Restaurant,eating
0223_2018_156,13:44,62,0,food,Golden China Restaurant,eating
0223_2018_156,13:45,64,0,food,Golden China Restaurant,eating
0223_2018_156,13:46,67,8,food,Golden China Restaurant,eating
0223_2018_156,13:47,70,8,food,Golden China Restaurant,eating
0223_2018_156,13:48,66,0,food,Golden China Restaurant,eating
0223_2018_156,13:49,60,0,food,Golden China Restaurant,eating
0223_2018_156,13:50,65,0,food,Golden China Restaurant,eating
0223_2018_156,13:51,71,0,food,Golden China Restaurant,eating
0223_2018_156,13:52,69,0,food,Golden China Restaurant,eating
0223_2018_156,13:53,71,0,food,Golden China Restaurant,eating
0223_2018_156,13:54,70,0,food,Golden China Restaurant,eating
0223_2018_156,13:55,69,0,food,Golden China Restaurant,eating
0223_2018_156,13:56,69,6,food,Golden China Restaurant,eating
0223_2018_156,13:57,73,0,food,Golden China Restaurant,eating
0223_2018_156,13:58,77,0,food,Golden China Restaurant,eating
0223_2018_156,13:59,75,0,food,Golden China Restaurant,eating
0223_2018_156,14:00,76,0,food,Golden China Restaurant,eating
0223_2018_156,14:01,73,0,food,Golden China Restaurant,eating
0223_2018_156,14:02,73,0,food,Golden China Restaurant,eating
0223_2018_156,14:03,71,45,food,Golden China Restaurant,eating
0223_2018_156,14:04,75,14,food,Golden China Restaurant,eating
0223_2018_156,14:05,73,0,food,Golden China Restaurant,eating
0223_2018_156,14:06,73,0,food,Golden China Restaurant,eating
0223_2018_156,14:07,72,0,food,Golden China Restaurant,eating
0223_2018_156,14:08,73,0,food,Golden China Restaurant,eating
0223_2018_156,14:09,70,0,food,Golden China Restaurant,eating
0223_2018_156,14:10,72,0,food,Golden China Restaurant,eating
0223_2018_156,14:11,74,0,food,Golden China Restaurant,eating
0223_2018_156,14:12,71,0,food,Golden China Restaurant,eating
0223_2018_156,14:13,71,0,food,Golden China Restaurant,eating
0223_2018_156,14:14,74,0,food,Golden China Restaurant,eating
0223_2018_156,14:15,74,0,food,Golden China Restaurant,eating
0223_2018_156,14:16,74,0,food,Golden China Restaurant,eating
0223_2018_156,14:17,75,0,food,Golden China Restaurant,eating
0223_2018_156,14:18,71,0,food,Golden China Restaurant,eating
0223_2018_156,14:19,74,0,food,Golden China Restaurant,eating
0223_2018_156,14:20,75,8,food,Golden China Restaurant,eating
0223_2018_156,14:21,76,0,food,Golden China Restaurant,eating
0223_2018_156,14:22,73,0,food,Golden China Restaurant,eating
0223_2018_156,14:23,71,34,food,Golden China Restaurant,eating
0226_2018_212,18:31,86,10,food,Yigah Restaurant,eating
0226_2018_212,18:32,77,0,food,Yigah Restaurant,eating
0226_2018_212,18:33,70,0,food,Yigah Restaurant,eating
0226_2018_212,18:34,70,0,food,Yigah Restaurant,eating
0226_2018_212,18:35,73,0,food,Yigah Restaurant,eating
0226_2018_212,18:36,73,0,food,Yigah Restaurant,eating
0226_2018_212,18:37,72,0,food,Yigah Restaurant,eating
0226_2018_212,18:38,75,0,food,Yigah Restaurant,eating
0226_2018_212,18:39,73,0,food,Yigah Restaurant,eating
0226_2018_212,18:40,75,0,food,Yigah Restaurant,eating
0226_2018_212,18:41,71,0,food,Yigah Restaurant,eating
0226_2018_212,18:42,72,0,food,Yigah Restaurant,eating
0226_2018_212,18:43,71,0,food,Yigah Restaurant,eating
0226_2018_212,18:44,71,0,food,Yigah Restaurant,eating
0226_2018_212,18:45,76,0,food,Yigah Restaurant,eating
0226_2018_212,18:46,74,0,food,Yigah Restaurant,eating
0226_2018_212,18:47,75,5,food,Yigah Restaurant,eating
0226_2018_212,18:48,73,7,food,Yigah Restaurant,eating
0226_2018_212,18:49,72,0,food,Yigah Restaurant,eating
0226_2018_212,18:50,74,0,food,Yigah Restaurant,eating
0226_2018_212,18:51,77,0,food,Yigah Restaurant,eating
0226_2018_212,18:52,74,0,food,Yigah Restaurant,eating
0226_2018_212,18:53,74,0,food,Yigah Restaurant,eating
0226_2018_212,18:54,70,20,food,Yigah Restaurant,eating
0226_2018_212,18:55,76,11,food,Yigah Restaurant,eating
0226_2018_212,18:56,73,0,food,Yigah Restaurant,eating
0226_2018_212,18:57,72,0,food,Yigah Restaurant,eating
0226_2018_212,18:58,76,0,food,Yigah Restaurant,eating
0226_2018_212,18:59,91,0,food,Yigah Restaurant,eating
0226_2018_212,19:00,88,0,food,Yigah Restaurant,eating
0226_2018_212,19:01,79,0,food,Yigah Restaurant,eating
0226_2018_212,19:02,73,0,food,Yigah Restaurant,eating
0226_2018_212,19:03,71,0,food,Yigah Restaurant,eating
0226_2018_212,19:04,76,0,food,Yigah Restaurant,eating
0226_2018_212,19:05,71,0,food,Yigah Restaurant,eating
0226_2018_212,19:06,74,0,food,Yigah Restaurant,eating
0226_2018_212,19:07,78,0,food,Yigah Restaurant,eating
0226_2018_212,19:08,78,0,food,Yigah Restaurant,eating
0226_2018_212,19:09,78,0,food,Yigah Restaurant,eating
0226_2018_212,19:10,78,0,food,Yigah Restaurant,eating
0226_2018_212,19:11,79,0,food,Yigah Restaurant,eating
0226_2018_212,19:12,79,0,food,Yigah Restaurant,eating
0226_2018_212,19:13,78,0,food,Yigah Restaurant,eating
0226_2018_212,19:14,84,0,food,Yigah Restaurant,eating
0226_2018_212,19:15,84,0,food,Yigah Restaurant,eating
0226_2018_212,19:16,83,0,food,Yigah Restaurant,eating
0226_2018_212,19:17,90,0,food,Yigah Restaurant,eating
0226_2018_212,19:18,89,0,food,Yigah Restaurant,eating
0226_2018_212,19:19,87,4,food,Yigah Restaurant,eating
0226_2018_212,19:20,88,0,food,Yigah Restaurant,eating
0226_2018_212,19:21,86,0,food,Yigah Restaurant,eating
0226_2018_212,19:22,87,0,food,Yigah Restaurant,eating
0226_2018_212,19:23,82,0,food,Yigah Restaurant,eating
0226_2018_212,19:24,78,0,food,Yigah Restaurant,eating
0226_2018_212,19:25,82,0,food,Yigah Restaurant,eating
0226_2018_212,19:26,85,20,food,Yigah Restaurant,eating
0226_2018_212,19:27,91,68,food,Yigah Restaurant,eating
0226_2018_212,19:28,102,99,food,Yigah Restaurant,eating
0226_2018_212,19:29,108,26,food,Yigah Restaurant,eating
0226_2018_212,19:30,107,0,food,Yigah Restaurant,eating
0228_2018_224,19:45,62,0,food,Mokkoji,eating
0228_2018_224,19:46,58,0,food,Mokkoji,eating
0228_2018_224,19:47,62,0,food,Mokkoji,eating
0228_2018_224,19:48,59,19,food,Mokkoji,eating
0228_2018_224,19:49,67,0,food,Mokkoji,eating
0228_2018_224,19:50,63,0,food,Mokkoji,eating
0228_2018_224,19:51,64,0,food,Mokkoji,eating
0228_2018_224,19:52,67,14,food,Mokkoji,eating
0228_2018_224,19:53,66,0,food,Mokkoji,eating
0228_2018_224,19:54,63,0,food,Mokkoji,eating
0228_2018_224,19:55,62,0,food,Mokkoji,eating
0228_2018_224,19:56,64,0,food,Mokkoji,eating
0228_2018_224,19:57,68,0,food,Mokkoji,eating
0228_2018_224,19:58,63,0,food,Mokkoji,eating
0228_2018_224,19:59,63,0,food,Mokkoji,eating
0228_2018_224,20:00,65,0,food,Mokkoji,eating
0228_2018_224,20:01,69,8,food,Mokkoji,eating
0228_2018_224,20:02,71,0,food,Mokkoji,eating
0228_2018_224,20:03,71,0,food,Mokkoji,eating
0228_2018_224,20:04,72,0,food,Mokkoji,eating
0228_2018_224,20:05,67,0,food,Mokkoji,eating
0228_2018_224,20:06,71,14,food,Mokkoji,eating
0228_2018_224,20:07,74,0,food,Mokkoji,eating
0228_2018_224,20:08,74,0,food,Mokkoji,eating
0228_2018_224,20:09,73,13,food,Mokkoji,eating
0228_2018_224,20:10,73,0,food,Mokkoji,eating
0228_2018_224,20:11,75,0,food,Mokkoji,eating
0228_2018_224,20:12,69,0,food,Mokkoji,eating
0228_2018_224,20:13,72,0,food,Mokkoji,eating
0228_2018_224,20:14,74,0,food,Mokkoji,eating
0228_2018_224,20:15,74,0,food,Mokkoji,eating
0228_2018_224,20:16,73,0,food,Mokkoji,eating
0228_2018_224,20:17,76,8,food,Mokkoji,eating
0228_2018_224,20:18,76,14,food,Mokkoji,eating
0228_2018_224,20:19,74,0,food,Mokkoji,eating
0228_2018_224,20:20,69,0,food,Mokkoji,eating
0228_2018_224,20:21,70,0,food,Mokkoji,eating
0228_2018_224,20:22,70,0,food,Mokkoji,eating
0228_2018_224,20:23,69,0,food,Mokkoji,eating
0228_2018_224,20:24,70,0,food,Mokkoji,eating
0228_2018_224,20:25,71,0,food,Mokkoji,eating
0228_2018_224,20:26,69,0,food,Mokkoji,eating
0228_2018_224,20:27,67,0,food,Mokkoji,eating
0228_2018_224,20:28,69,0,food,Mokkoji,eating
0228_2018_224,20:29,72,0,food,Mokkoji,eating
0228_2018_224,20:30,68,0,food,Mokkoji,eating
0228_2018_224,20:31,67,0,food,Mokkoji,eating
0228_2018_224,20:32,74,0,food,Mokkoji,eating
0228_2018_224,20:33,72,0,food,Mokkoji,eating
0228_2018_224,20:34,69,0,food,Mokkoji,eating
0228_2018_224,20:35,70,0,food,Mokkoji,eating
0228_2018_224,20:36,70,0,food,Mokkoji,eating
0228_2018_224,20:37,70,0,food,Mokkoji,eating
0228_2018_224,20:38,68,0,food,Mokkoji,eating
0228_2018_224,20:39,71,0,food,Mokkoji,eating
0228_2018_224,20:40,69,0,food,Mokkoji,eating
0228_2018_224,20:41,68,0,food,Mokkoji,eating
0228_2018_224,20:42,67,0,food,Mokkoji,eating
0228_2018_224,20:43,66,0,food,Mokkoji,eating
0228_2018_224,20:44,67,11,food,Mokkoji,eating
0228_2018_224,20:45,69,0,food,Mokkoji,eating
0228_2018_224,20:46,67,0,food,Mokkoji,eating
0228_2018_224,20:47,67,0,food,Mokkoji,eating
0228_2018_224,20:48,66,0,food,Mokkoji,eating
0228_2018_224,20:49,65,0,food,Mokkoji,eating
0228_2018_224,20:50,73,0,food,Mokkoji,eating
0228_2018_224,20:51,76,0,food,Mokkoji,eating
0228_2018_224,20:52,77,0,food,Mokkoji,eating
0228_2018_224,20:53,73,0,food,Mokkoji,eating
0228_2018_224,20:54,72,0,food,Mokkoji,eating
0228_2018_224,20:55,70,9,food,Mokkoji,eating
0228_2018_224,20:56,72,58,food,Mokkoji,eating
0228_2018_224,20:57,89,50,food,Mokkoji,eating
0228_2018_224,20:58,98,6,food,Mokkoji,eating
0228_2018_224,20:59,99,0,food,Mokkoji,eating
0311_2018_167,14:20,59,0,food,Golden China Restaurant,eating
0311_2018_167,14:21,56,0,food,Golden China Restaurant,eating
0311_2018_167,14:22,56,0,food,Golden China Restaurant,eating
0311_2018_167,14:23,57,0,food,Golden China Restaurant,eating
0311_2018_167,14:24,60,24,food,Golden China Restaurant,eating
0311_2018_167,14:25,66,6,food,Golden China Restaurant,eating
0311_2018_167,14:26,69,0,food,Golden China Restaurant,eating
0311_2018_167,14:27,71,0,food,Golden China Restaurant,eating
0311_2018_167,14:28,70,0,food,Golden China Restaurant,eating
0311_2018_167,14:29,70,0,food,Golden China Restaurant,eating
0311_2018_167,14:30,64,0,food,Golden China Restaurant,eating
0311_2018_167,14:31,66,0,food,Golden China Restaurant,eating
0311_2018_167,14:32,64,0,food,Golden China Restaurant,eating
0311_2018_167,14:33,70,0,food,Golden China Restaurant,eating
0311_2018_167,14:34,73,0,food,Golden China Restaurant,eating
0311_2018_167,14:35,72,0,food,Golden China Restaurant,eating
0311_2018_167,14:36,70,0,food,Golden China Restaurant,eating
0311_2018_167,14:37,75,0,food,Golden China Restaurant,eating
0311_2018_167,14:38,75,0,food,Golden China Restaurant,eating
0311_2018_167,14:39,73,0,food,Golden China Restaurant,eating
0311_2018_167,14:40,75,0,food,Golden China Restaurant,eating
0311_2018_167,14:41,73,0,food,Golden China Restaurant,eating
0311_2018_167,14:42,72,0,food,Golden China Restaurant,eating
0311_2018_167,14:43,71,0,food,Golden China Restaurant,eating
0311_2018_167,14:44,71,0,food,Golden China Restaurant,eating
0311_2018_167,14:45,69,0,food,Golden China Restaurant,eating
0311_2018_167,14:46,70,9,food,Golden China Restaurant,eating
0311_2018_167,14:47,72,0,food,Golden China Restaurant,eating
0311_2018_167,14:48,71,0,food,Golden China Restaurant,eating
0311_2018_167,14:49,71,0,food,Golden China Restaurant,eating
0311_2018_167,14:50,71,0,food,Golden China Restaurant,eating
0311_2018_167,14:51,72,0,food,Golden China Restaurant,eating
0311_2018_167,14:52,72,16,food,Golden China Restaurant,eating
0311_2018_167,14:53,79,44,food,Golden China Restaurant,eating
0311_2018_167,14:54,78,1,food,Golden China Restaurant,eating